peopleAhead,activeCounters,serviceType,timeOfDay,dayOfWeek,actualWaitMinutes
10,3,quick,19,4,10.9
10,3,specialist,18,6,67.7
20,2,general,3,2,78.8
21,2,general,0,3,82.9
26,1,general,11,0,308.9
11,3,quick,14,5,11.6
4,3,quick,19,0,2.3
27,1,quick,17,3,106.1
25,1,specialist,17,1,488.1
7,1,quick,6,3,19.7
3,1,quick,2,5,10.1
3,2,specialist,5,5,21.1
1,4,specialist,17,1,6.3
13,4,quick,15,6,9.4
12,4,quick,7,4,10.5
14,1,specialist,12,0,312.9
8,3,general,0,0,23.2
7,1,quick,10,2,28.5
4,3,quick,2,0,5.0
0,2,quick,8,3,1.2
4,4,quick,22,5,4.6
4,3,quick,2,0,7.3
4,1,quick,13,2,18.6
25,3,quick,8,6,25.7
6,3,specialist,12,2,44.3
12,3,specialist,4,6,57.9
12,4,quick,10,4,11.3
29,1,specialist,1,1,434.1
27,4,general,20,5,53.2
27,3,specialist,10,1,172.7
0,1,general,6,5,0.0
5,3,general,8,2,10.4
0,1,quick,8,5,0.0
16,4,quick,21,0,12.2
11,4,specialist,16,1,53.6
16,4,general,4,0,33.5
27,2,quick,16,1,52.3
5,2,specialist,20,3,38.1
23,3,quick,3,6,24.6
21,2,general,19,1,82.2
27,1,quick,15,0,97.0
3,3,quick,19,3,3.2
19,3,quick,2,6,16.9
7,2,general,7,6,28.9
24,1,general,10,3,250.0
15,4,specialist,2,6,53.4
27,4,specialist,15,0,116.6
2,1,quick,22,0,7.9
23,4,quick,15,2,19.1
7,2,quick,16,3,13.2
2,1,specialist,2,5,29.7
3,1,quick,15,4,5.1
20,2,general,3,0,91.1
0,4,quick,2,0,0.0
21,3,quick,18,5,29.1
0,2,quick,1,4,0.0
28,4,quick,0,4,26.6
29,4,general,16,3,75.3
2,2,general,13,4,11.6
19,1,quick,2,3,53.1
2,1,quick,20,6,6.4
7,3,quick,21,1,4.5
14,4,specialist,23,1,54.6
10,1,general,7,0,92.1
9,1,specialist,15,6,136.0
25,4,general,23,4,51.0
0,4,quick,3,4,0.0
14,3,specialist,11,2,89.6
21,3,specialist,1,6,103.2
21,2,specialist,21,1,156.6
14,2,general,19,1,54.2
11,4,general,7,4,21.3
12,2,general,6,3,47.3
12,4,quick,22,3,6.4
16,3,specialist,9,5,77.4
25,1,specialist,22,1,371.0
11,1,general,22,6,85.6
29,4,general,14,1,57.3
12,4,specialist,15,0,52.5
25,4,specialist,22,2,97.1
28,1,quick,4,5,83.5
3,3,specialist,15,4,18.7
9,2,general,4,6,36.0
23,4,general,12,3,61.3
26,4,quick,1,0,23.6
18,1,quick,0,0,64.2
0,3,quick,4,3,0.6
9,2,general,7,4,34.8
6,1,specialist,1,2,90.7
3,4,general,10,4,6.4
3,1,general,20,4,25.1
3,4,quick,16,2,1.5
23,4,specialist,16,6,112.5
24,3,general,22,4,66.1
16,1,quick,8,5,50.6
16,3,specialist,12,2,104.0
8,4,general,8,2,16.6
2,1,quick,14,4,5.7
3,1,general,19,2,27.6
25,2,quick,11,0,56.9
12,2,general,5,6,47.0
4,1,quick,1,4,9.3
21,1,specialist,18,4,408.1
26,3,general,11,5,89.7
2,2,specialist,18,6,18.4
28,4,specialist,19,3,102.0
2,1,quick,8,6,7.0
0,4,quick,16,0,0.2
11,2,specialist,20,5,82.6
10,1,quick,20,5,30.8
19,3,general,3,2,49.3
2,2,general,20,5,6.1
15,2,quick,10,3,29.0
3,4,general,7,1,8.0
17,4,specialist,7,1,62.2
8,1,quick,21,6,21.3
27,1,general,20,3,214.7
4,3,quick,5,1,3.2
29,4,quick,1,1,21.6
10,1,general,17,6,103.4
16,3,general,21,2,42.4
22,4,quick,0,4,19.0
4,3,specialist,16,4,26.0
9,2,general,20,4,36.1
8,2,quick,16,4,12.9
7,4,general,7,1,15.1
2,2,quick,1,5,5.4
29,2,specialist,11,4,282.9
22,3,quick,16,6,29.9
5,3,specialist,10,2,35.2
17,2,specialist,5,1,125.1
5,1,quick,1,3,10.9
29,4,general,23,6,60.0
16,4,general,3,1,32.7
23,4,specialist,16,3,112.4
10,3,specialist,12,5,64.0
22,1,quick,18,6,86.5
28,3,general,2,2,72.8
4,1,specialist,18,2,75.4
4,1,specialist,20,5,57.4
1,2,general,11,1,4.5
14,1,quick,8,1,40.4
29,4,general,21,6,57.2
16,4,general,3,0,34.7
23,3,quick,19,6,27.7
25,1,quick,13,1,96.9
2,3,specialist,23,2,10.1
5,2,quick,12,1,11.7
24,4,quick,18,6,21.9
25,2,quick,16,6,49.9
12,1,specialist,11,0,272.5
14,2,quick,8,4,22.8
7,3,quick,21,1,10.0
19,2,specialist,8,4,146.5
26,4,specialist,1,2,97.6
5,1,general,20,5,40.3
10,2,specialist,22,3,75.3
21,2,quick,3,6,33.3
29,3,general,23,5,77.5
4,4,specialist,18,4,21.0
19,3,specialist,21,3,91.7
5,2,quick,0,1,7.6
12,4,general,10,6,29.9
22,1,specialist,23,1,330.1
7,1,specialist,11,1,135.3
10,1,general,8,0,93.5
2,3,quick,23,5,3.2
20,2,specialist,11,1,194.6
2,4,quick,8,1,1.7
4,1,specialist,7,2,59.7
4,1,specialist,2,4,61.3
9,1,specialist,3,0,152.7
13,4,general,17,6,34.3
0,3,general,22,6,1.6
22,3,general,16,0,86.2
5,2,quick,6,2,7.6
9,4,quick,6,2,7.4
6,2,general,0,3,23.2
24,2,quick,3,4,33.8
21,4,quick,0,5,14.1
9,3,specialist,9,4,47.1
23,1,quick,14,3,68.0
14,1,quick,7,4,44.8
3,4,quick,18,2,2.0
19,1,specialist,10,2,366.9
25,4,quick,13,2,27.4
24,2,general,7,5,97.7
15,4,quick,11,3,12.8
9,4,general,23,4,16.8
13,1,general,21,2,106.6
0,3,general,21,2,5.1
8,1,general,14,0,74.6
25,1,specialist,19,0,429.2
6,2,general,10,5,27.9
10,1,specialist,1,2,150.9
28,1,specialist,20,0,479.9
27,2,quick,10,5,52.8
19,1,general,19,0,171.8
28,3,specialist,21,3,138.8
23,3,general,22,2,59.5
29,1,quick,16,4,113.7
17,3,general,13,2,61.3
17,1,specialist,21,3,258.2
6,3,general,7,4,16.0
13,3,quick,9,1,15.8
7,1,quick,17,6,27.6
22,4,general,22,2,44.2
14,4,quick,18,0,15.4
23,4,specialist,2,5,82.9
0,3,specialist,6,1,0.0
28,4,quick,20,2,21.7
4,3,specialist,1,0,24.7
2,2,quick,9,6,0.0
29,4,general,4,5,59.2
2,4,general,1,4,5.9
13,1,general,17,2,135.1
24,1,general,7,1,190.8
25,2,quick,13,3,47.9
4,3,general,12,1,14.3
24,1,specialist,1,0,412.0
9,1,specialist,11,6,174.7
1,4,quick,5,2,0.0
12,2,general,20,6,47.4
21,4,specialist,13,1,104.7
3,1,quick,0,2,8.5
1,2,general,6,2,6.4
4,2,quick,14,5,2.5
19,3,quick,19,2,18.8
12,3,quick,16,5,16.3
7,1,specialist,20,0,118.7
10,1,general,0,0,90.1
11,1,quick,2,1,37.6
18,4,quick,5,1,15.5
22,1,general,16,1,227.6
15,2,general,14,3,60.8
21,1,general,16,6,219.6
24,2,specialist,7,0,209.7
9,3,general,12,1,33.3
20,2,quick,16,6,35.1
18,1,quick,20,6,53.4
29,2,specialist,22,4,217.4
13,1,quick,9,6,37.7
27,4,quick,23,2,22.3
22,3,quick,7,1,21.9
28,4,quick,14,0,26.6
11,2,general,15,4,45.7
9,3,specialist,1,6,44.1
28,4,quick,6,5,18.6
20,2,specialist,16,4,200.2
6,1,quick,9,5,16.7
2,1,general,0,5,12.3
4,2,specialist,3,1,29.4
13,1,general,15,0,117.7
10,1,quick,4,4,29.4
23,2,specialist,6,6,177.1
26,4,general,6,3,50.7
12,3,general,21,4,31.2
4,1,specialist,2,5,59.8
8,1,specialist,14,6,119.3
23,1,specialist,17,5,446.2
23,1,quick,2,5,64.5
1,1,quick,8,2,1.2
24,4,specialist,8,6,88.3
15,1,quick,5,2,45.2
27,1,specialist,17,5,526.6
26,4,quick,2,1,21.6
23,2,general,12,0,138.7
10,1,general,15,0,94.2
26,4,general,20,1,50.7
18,1,quick,12,1,71.2
10,2,quick,22,1,15.5
12,2,specialist,3,1,89.7
12,2,general,11,6,62.8
27,2,general,7,6,108.1
29,3,general,2,5,77.2
28,1,specialist,14,5,419.3
3,4,specialist,3,3,10.9
9,1,general,11,5,92.8
23,2,specialist,0,5,171.4
10,1,general,11,6,104.8
18,3,general,5,6,47.8
6,1,general,2,4,45.6
10,1,quick,22,4,32.2
11,2,quick,2,0,21.6
4,4,general,20,6,5.5
0,3,general,4,2,3.3
28,2,specialist,5,6,210.7
26,4,specialist,14,3,96.9
7,1,specialist,16,4,137.6
11,4,quick,2,4,9.1
2,2,general,23,3,7.7
29,1,specialist,13,6,562.8
21,4,general,5,0,45.1
20,4,quick,12,0,23.6
5,3,specialist,17,5,34.5
10,4,general,5,0,20.8
11,1,specialist,18,0,251.5
0,4,general,9,1,0.0
12,1,specialist,0,0,204.2
25,2,specialist,6,1,185.3
22,2,specialist,14,1,165.7
8,2,general,2,2,32.3
8,3,specialist,8,6,41.4
26,3,specialist,19,5,130.8
15,4,quick,6,2,13.9
27,1,specialist,2,6,405.4
21,2,specialist,13,2,208.2
18,2,general,12,2,95.8
7,1,quick,13,3,26.9
17,2,quick,11,1,35.2
23,4,quick,21,4,17.3
28,1,specialist,18,2,546.2
11,3,specialist,14,0,65.5
29,4,general,3,3,57.5
8,4,specialist,16,2,42.4
5,4,specialist,14,1,17.8
25,3,quick,9,2,28.0
7,2,quick,0,2,13.3
13,4,specialist,22,1,48.7
14,1,specialist,21,3,212.3
19,1,specialist,23,6,282.7
4,1,quick,1,2,12.6
3,4,quick,0,3,2.2
13,2,quick,9,2,20.5
8,2,specialist,9,3,56.9
21,1,quick,11,0,93.3
4,3,general,10,4,16.9
26,4,quick,14,5,19.9
1,2,general,19,1,3.4
5,3,specialist,0,6,24.1
0,1,general,20,2,0.0
23,2,specialist,19,4,172.5
24,2,quick,10,5,48.6
17,3,quick,23,6,17.7
22,4,quick,11,5,19.6
0,1,quick,7,1,1.3
5,4,quick,7,4,3.4
25,3,specialist,0,6,125.4
17,2,quick,9,5,27.4
24,4,general,11,2,63.0
18,1,specialist,3,0,312.2
5,4,specialist,1,1,22.4
24,1,quick,8,0,83.4
1,4,general,8,2,2.8
5,4,general,5,5,11.8
12,3,general,8,6,31.7
6,2,quick,0,5,6.4
24,1,general,18,3,246.3
11,3,general,16,0,43.9
13,2,specialist,13,1,126.3
7,2,general,2,4,23.0
15,2,general,11,4,82.6
14,4,general,14,3,30.0
10,3,specialist,17,3,60.6
22,3,general,20,6,58.9
12,1,quick,14,3,36.8
28,2,specialist,18,1,273.9
7,3,specialist,14,3,39.7
1,2,specialist,3,5,6.3
11,3,general,10,6,35.0
6,3,specialist,6,4,31.9
3,4,general,9,3,4.7
11,1,specialist,6,5,165.3
21,2,quick,12,6,40.1
25,1,general,21,3,201.0
26,2,specialist,9,0,221.7
18,4,general,3,1,36.9
9,4,general,17,2,25.2
14,1,general,22,1,113.0
21,1,general,22,4,167.3
6,4,general,14,2,8.9
29,1,specialist,12,4,566.0
20,3,general,1,2,52.1
10,1,general,6,0,95.8
18,2,quick,23,3,23.7
7,4,quick,12,5,8.9
8,3,general,0,3,19.1
16,1,general,6,3,126.6
20,3,specialist,4,3,101.3
25,1,quick,21,3,71.9
22,2,quick,21,5,30.0
19,2,quick,1,6,25.8
4,4,specialist,11,1,20.6
29,2,general,22,1,114.2
15,1,general,22,3,122.2
18,4,specialist,12,6,89.0
23,4,specialist,4,3,88.7
17,2,general,19,5,68.3
11,4,quick,0,4,9.7
17,3,specialist,3,0,99.7
1,1,general,1,0,9.4
22,2,quick,2,3,34.4
5,3,specialist,3,1,25.0
11,2,specialist,4,3,84.2
17,2,quick,16,1,36.1
15,3,specialist,13,5,99.7
14,1,quick,19,5,39.6
19,2,specialist,2,1,141.8
24,2,specialist,9,0,203.1
15,2,quick,13,0,33.2
2,4,specialist,13,4,8.2
14,1,general,1,3,112.7
13,1,general,11,3,134.5
29,3,quick,5,4,30.3
18,3,specialist,22,2,87.3
17,3,general,1,5,45.9
22,1,general,23,6,174.9
15,3,general,13,2,51.2
7,3,general,3,3,19.5
5,4,general,19,3,12.4
19,1,quick,17,6,77.5
21,4,quick,6,2,13.6
21,1,specialist,6,4,314.5
22,2,specialist,14,4,162.9
0,1,specialist,23,6,1.9
4,2,general,20,4,15.0
16,3,general,3,0,45.1
3,2,quick,20,1,8.6
7,2,specialist,19,3,53.4
9,1,general,5,1,74.4
16,4,general,16,0,48.8
9,1,specialist,15,4,135.3
10,4,specialist,7,4,32.6
16,3,specialist,7,0,91.8
4,3,quick,23,4,4.2
24,4,general,7,4,51.4
18,1,quick,10,0,78.0
6,3,quick,19,6,4.1
4,2,quick,18,2,10.3
15,4,specialist,5,6,56.6
1,1,general,7,0,7.5
22,2,general,8,0,99.4
3,1,specialist,17,1,61.4
10,2,quick,15,3,18.6
17,4,specialist,14,0,72.1
24,2,quick,13,3,44.2
19,2,specialist,21,3,142.1
25,3,specialist,16,4,161.9
11,1,specialist,22,6,164.7
13,4,general,20,5,26.6
10,4,specialist,6,6,39.7
12,1,general,21,3,94.4
14,1,specialist,1,4,207.6
28,1,general,21,2,223.9
21,3,general,23,2,59.6
4,1,quick,11,6,16.8
15,2,quick,7,1,23.7
2,4,quick,0,3,3.0
9,1,specialist,1,2,136.5
12,4,quick,1,0,11.5
9,2,general,19,3,34.4
10,4,specialist,20,0,44.4
18,4,quick,22,5,17.0
5,1,specialist,2,1,74.2
9,1,general,21,6,68.9
22,1,general,12,3,231.3
2,2,quick,3,4,3.3
29,4,quick,19,3,20.4
27,3,specialist,17,2,175.5
12,4,specialist,18,5,61.1
3,3,specialist,5,4,9.5
0,3,specialist,22,0,1.6
27,3,specialist,19,0,155.6
15,4,general,5,3,31.2
13,3,quick,14,5,14.7
19,1,specialist,15,4,286.8
12,3,general,9,1,33.4
26,1,specialist,12,5,510.4
9,3,general,18,4,30.4
20,1,general,4,3,161.1
25,2,specialist,4,3,187.9
24,4,specialist,2,0,102.7
27,2,specialist,8,5,202.0
23,2,general,3,4,90.0
2,3,specialist,21,3,11.8
9,3,specialist,15,5,43.6
8,4,general,12,5,19.7
3,1,specialist,10,0,67.2
5,3,specialist,0,2,25.5
9,1,quick,15,6,27.2
4,1,specialist,11,5,75.8
20,1,general,18,2,209.1
20,2,general,8,0,90.5
16,1,quick,21,6,46.4
10,2,general,1,3,40.4
5,2,general,1,5,19.3
4,1,specialist,0,1,59.1
23,4,quick,6,5,21.3
26,4,quick,7,5,18.2
19,1,quick,16,6,74.0
21,4,specialist,3,5,76.8
25,4,specialist,8,1,94.7
29,4,general,1,0,64.1
6,2,specialist,19,2,43.2
4,3,quick,17,2,1.5
7,1,general,3,4,56.4
15,3,quick,8,6,15.1
15,3,specialist,11,1,99.4
17,3,quick,12,2,22.2
27,4,general,22,4,51.4
5,2,quick,4,3,8.2
12,3,quick,15,0,12.7
12,2,quick,20,4,18.8
19,1,quick,0,3,55.5
27,1,specialist,4,2,405.5
11,4,specialist,5,2,41.9
11,3,general,10,1,33.9
27,4,specialist,21,2,100.0
23,4,specialist,15,4,86.7
18,1,quick,19,1,53.1
24,3,quick,17,1,35.1
29,3,general,4,3,74.1
28,4,quick,2,0,21.8
19,1,quick,6,5,59.4
2,3,general,7,6,5.6
2,1,specialist,14,6,33.9
19,2,general,20,4,77.4
0,3,general,14,1,1.3
1,3,specialist,22,2,1.6
18,3,general,7,5,43.4
16,4,specialist,13,2,77.6
2,3,general,18,5,7.8
19,4,specialist,18,0,106.6
18,4,general,22,0,41.7
5,4,quick,19,5,0.3
8,3,specialist,10,4,53.1
3,1,quick,13,5,11.0
22,3,specialist,8,6,111.6
2,4,general,16,5,6.9
19,4,general,20,4,36.6
20,1,general,2,3,162.0
14,3,general,7,4,38.3
14,3,specialist,11,5,92.8
5,3,general,21,4,13.8
6,3,general,18,3,20.1
1,4,general,2,5,1.0
7,1,specialist,22,0,119.5
11,1,general,17,0,131.9
9,4,specialist,7,2,30.9
23,4,quick,15,4,17.1
16,2,general,12,4,85.4
29,2,general,9,2,114.8
8,1,general,8,4,64.3
6,1,quick,6,6,20.7
10,3,general,10,5,33.9
11,3,general,7,3,28.0
28,4,general,20,4,57.8
13,3,quick,4,0,13.9
16,3,quick,12,6,24.0
3,1,specialist,3,5,46.8
27,3,specialist,4,2,136.8
6,1,specialist,18,6,117.2
18,2,specialist,8,1,134.8
24,1,specialist,18,5,468.0
26,2,quick,2,3,39.4
1,4,quick,15,5,4.1
2,4,general,8,5,2.3
16,2,quick,4,4,23.8
27,2,quick,22,0,48.7
20,1,quick,12,6,77.3
2,4,specialist,11,1,14.1
25,4,general,22,2,47.2
0,4,quick,21,3,2.8
23,1,general,6,3,190.2
18,4,general,0,6,36.1
26,3,quick,10,6,33.5
5,1,specialist,10,0,112.3
16,4,specialist,0,6,62.4
23,2,general,17,4,119.7
13,3,general,3,1,35.5
18,2,specialist,10,2,171.9
4,4,general,4,1,7.3
17,4,quick,22,5,9.7
8,1,specialist,3,4,117.0
21,1,general,12,1,219.7
12,4,quick,9,1,8.0
11,2,quick,16,4,22.7
23,3,quick,0,3,22.0
1,3,general,2,4,0.0
7,2,general,2,3,27.4
4,3,specialist,23,1,18.6
21,4,general,16,4,55.5
21,3,quick,20,1,23.2
27,3,general,21,2,72.2
13,1,general,16,3,135.2
5,4,specialist,22,1,20.1
22,4,quick,0,5,17.0
18,1,general,18,1,182.4
27,2,general,13,2,141.4
8,4,quick,12,2,9.1
0,1,general,16,0,0.0
22,1,general,14,5,178.0
10,2,specialist,21,4,75.2
8,2,specialist,20,3,62.2
29,1,quick,23,5,88.9
3,1,quick,6,2,10.0
4,3,general,4,0,13.2
7,2,general,3,2,29.0
13,2,quick,8,1,16.2
2,4,specialist,10,2,6.5
1,4,specialist,12,4,5.7
27,2,general,22,1,109.6
12,2,specialist,1,1,87.8
22,4,specialist,6,2,83.8
26,3,specialist,23,5,130.1
29,1,quick,0,0,99.4
20,3,general,12,4,72.3
29,3,quick,16,6,36.7
21,4,specialist,9,3,79.2
19,2,specialist,17,3,184.3
29,2,general,23,6,113.7
22,4,quick,7,1,16.6
23,2,quick,13,1,43.8
16,3,general,14,0,49.4
16,2,specialist,17,5,154.3
8,3,quick,0,2,10.3
3,4,quick,1,3,0.0
22,2,quick,4,0,35.6
24,3,specialist,0,3,121.0
11,4,general,4,0,23.7
24,3,quick,16,3,30.0
9,1,quick,18,3,34.5
6,4,general,4,5,6.3
13,4,quick,15,1,9.8
6,4,quick,11,0,5.8
15,2,general,3,6,62.9
21,3,general,8,5,55.5
1,1,general,22,4,8.7
17,4,general,23,6,34.3
20,4,specialist,21,0,85.6
16,1,quick,2,4,48.1
12,2,quick,20,1,16.0
16,2,general,5,1,63.5
16,2,general,2,6,62.0
24,3,specialist,19,4,120.0
27,3,specialist,0,3,136.1
11,2,quick,16,3,22.8
20,3,specialist,4,5,101.2
6,2,general,0,6,21.5
6,1,quick,20,3,15.1
10,4,quick,18,0,12.0
7,4,general,21,2,16.3
1,2,quick,8,4,4.8
25,4,quick,11,1,24.2
19,4,general,22,4,39.1
25,3,specialist,8,0,143.9
24,2,quick,9,0,42.2
7,4,quick,12,4,9.7
16,1,quick,10,2,62.1
13,1,specialist,14,6,195.8
19,1,specialist,16,1,368.8
26,2,specialist,0,1,199.2
20,2,specialist,14,4,150.2
13,2,specialist,21,5,98.3
29,3,specialist,13,4,190.7
16,1,general,10,3,166.8
27,3,quick,12,1,33.6
29,2,quick,15,2,44.1
24,1,general,11,2,248.0
15,1,general,10,2,158.6
12,4,specialist,1,6,45.8
16,3,quick,0,2,17.1
28,2,quick,19,1,41.4
27,4,specialist,3,4,101.2
9,4,specialist,10,4,45.6
24,3,quick,21,4,23.1
12,1,general,2,3,95.3
24,1,quick,1,2,70.7
19,3,general,6,0,58.1
12,2,specialist,13,0,133.2
17,3,general,19,4,42.9
22,4,specialist,12,3,108.7
4,1,specialist,10,0,88.9
10,4,general,3,4,21.4
25,4,quick,20,2,18.4
25,3,quick,14,6,25.3
22,4,general,20,5,43.3
18,4,general,7,0,34.5
24,2,quick,13,3,44.0
14,3,quick,4,0,14.2
3,1,quick,7,6,11.1
24,2,specialist,3,2,181.5
19,4,general,22,4,37.0
24,1,specialist,20,5,359.8
24,1,general,21,5,189.8
3,3,quick,18,5,1.7
14,4,specialist,18,6,71.2
4,2,specialist,17,5,38.0
13,3,general,15,2,33.9
15,3,quick,21,3,13.4
7,1,specialist,20,5,103.8
26,4,quick,9,1,20.0
9,3,specialist,8,0,47.3
16,2,quick,20,4,23.4
8,1,general,18,3,80.8
0,2,quick,6,2,0.0
28,3,quick,22,1,27.2
12,1,quick,8,4,37.4
20,4,specialist,5,3,75.9
0,4,quick,12,6,1.6
3,3,general,2,1,9.4
19,3,specialist,16,2,125.2
0,2,quick,7,5,0.0
0,1,quick,18,5,0.9
0,1,general,7,2,0.0
18,3,general,15,5,44.1
19,1,quick,10,1,76.2
24,3,specialist,23,5,123.0
23,2,general,7,6,92.1
20,2,general,16,3,104.2
16,4,quick,4,2,11.8
26,4,specialist,4,5,98.9
21,3,general,17,0,82.9
12,1,quick,6,3,35.7
13,3,specialist,6,6,66.3
23,1,general,23,3,185.3
7,1,specialist,9,0,120.8
4,2,general,1,5,14.5
25,2,specialist,8,4,184.8
2,3,general,11,6,7.7
15,3,specialist,1,0,87.9
22,3,specialist,21,1,114.2
26,4,quick,14,5,23.0
1,3,quick,19,2,0.0
2,2,specialist,20,1,17.0
26,1,general,0,5,204.0
0,4,quick,1,4,0.0
18,2,general,14,2,70.0
1,4,general,23,5,1.0
6,4,general,16,4,15.3
0,3,general,8,3,1.4
5,4,specialist,9,5,17.0
21,3,general,9,1,57.5
28,4,general,14,6,55.4
18,2,quick,8,2,30.5
19,2,general,8,1,78.8
20,1,general,7,6,160.7
4,2,quick,0,0,8.0
10,4,quick,15,1,10.9
17,4,specialist,0,2,63.1
17,2,specialist,15,6,128.5
9,3,quick,12,5,12.6
26,4,specialist,0,6,96.0
5,1,specialist,16,0,112.2
27,4,quick,6,0,25.3
3,4,quick,5,1,1.8
27,3,specialist,10,4,175.5
6,2,quick,12,3,6.3
3,4,general,10,5,6.4
24,2,quick,13,5,45.0
15,1,general,5,5,123.0
12,3,general,17,6,41.8
3,3,quick,19,2,1.0
24,3,quick,23,1,21.8
22,1,general,19,0,203.6
16,2,general,3,5,62.9
20,1,specialist,6,0,344.1
22,2,general,21,4,90.1
2,4,general,11,6,4.8
12,3,general,14,4,31.9
22,4,specialist,19,6,85.7
11,2,general,1,4,43.1
29,1,specialist,21,5,434.4
3,3,specialist,14,3,15.8
10,4,specialist,8,1,34.7
8,1,quick,23,2,22.9
18,1,quick,0,5,52.3
1,2,specialist,0,4,10.9
1,1,quick,12,5,3.8
6,1,general,6,1,51.9
2,1,general,4,1,16.1
16,2,general,0,0,70.7
20,1,quick,2,6,61.5
23,1,general,21,3,182.1
11,3,general,21,0,35.9
8,2,specialist,18,2,76.7
20,3,general,14,2,56.8
7,4,specialist,18,1,32.0
24,3,specialist,5,3,121.3
1,2,general,16,4,6.1
19,3,general,12,5,63.7
29,3,specialist,13,2,187.1
10,2,quick,19,2,14.6
27,4,specialist,16,0,152.7
24,4,specialist,23,6,86.7
6,2,specialist,4,4,48.6
4,3,specialist,19,0,24.3
27,1,quick,6,3,79.2
2,3,specialist,16,6,15.9
29,2,specialist,4,4,216.8
12,1,specialist,11,1,232.4
1,3,quick,7,4,4.0
10,4,specialist,11,1,46.9
16,2,specialist,22,1,123.0
2,3,specialist,5,0,11.8
25,1,general,12,3,261.1
6,4,specialist,12,2,30.9
22,4,quick,14,3,14.0
4,2,quick,5,3,4.7
5,2,general,4,6,20.9
4,3,general,20,2,12.6
23,3,specialist,23,5,115.7
17,2,quick,6,4,24.6
11,4,specialist,5,2,42.5
26,1,quick,9,2,76.0
10,2,quick,20,2,14.5
21,3,specialist,15,4,107.7
2,2,quick,14,2,4.3
28,1,quick,15,4,87.3
9,2,general,18,2,50.3
15,4,general,10,0,46.3
4,4,specialist,1,6,15.3
11,1,quick,4,2,35.3
13,1,specialist,19,5,195.0
26,2,quick,10,4,48.6
4,4,quick,10,4,6.9
24,3,quick,8,2,21.4
0,4,quick,0,6,1.7
21,2,quick,7,3,28.9
17,4,specialist,13,1,87.3
14,3,general,22,2,38.2
23,4,specialist,5,2,87.2
4,2,specialist,12,4,39.9
10,4,specialist,10,3,50.8
25,4,specialist,19,4,94.1
10,2,quick,15,5,13.5
14,3,quick,15,4,12.0
2,1,quick,23,6,9.0
16,2,quick,19,4,24.6
19,2,quick,20,5,28.6
16,4,quick,20,6,13.5
1,3,general,18,5,4.1
1,2,specialist,6,3,6.1
19,1,specialist,19,6,284.9
7,1,quick,4,5,20.2
6,2,general,23,3,23.0
3,1,general,3,4,25.2
23,3,quick,17,5,28.8
1,2,quick,23,6,2.6
7,2,specialist,4,5,54.2
15,4,specialist,23,2,56.5
9,3,general,22,6,23.8
23,1,general,22,1,181.7
11,3,general,15,1,28.3
14,3,general,14,1,39.8
26,2,general,8,3,104.3
8,4,general,17,4,14.2
15,3,quick,6,0,14.3
3,3,specialist,15,6,15.9
4,1,general,12,0,42.6
27,1,specialist,18,4,530.9
26,1,quick,7,0,89.4
29,1,specialist,5,3,434.9
28,4,specialist,1,5,107.3
29,4,specialist,7,6,108.0
26,4,quick,9,2,17.5
24,4,general,4,5,53.0
12,1,quick,21,3,40.5
19,1,quick,9,1,54.4
16,1,general,0,6,126.8
12,3,specialist,7,1,60.3
6,1,quick,14,2,19.1
28,1,general,16,3,291.1
12,3,specialist,16,5,75.6
12,2,specialist,13,5,119.3
14,4,quick,16,2,15.2
20,4,general,19,1,35.8
2,4,specialist,14,0,12.1
14,4,quick,1,0,15.1
11,2,general,7,2,43.6
18,2,general,10,1,92.5
20,1,general,0,1,160.7
5,4,general,7,6,7.1
8,4,general,18,5,18.7
23,3,general,2,2,62.3
23,3,quick,16,5,30.3
4,3,specialist,1,5,20.7
25,4,specialist,16,2,122.9
16,4,general,19,1,33.8
2,4,specialist,18,1,12.7
0,4,specialist,7,2,0.7
26,4,specialist,3,5,97.6
23,3,general,14,3,60.0
23,2,quick,1,2,30.5
25,1,specialist,21,1,372.4
25,3,quick,2,4,26.7
2,3,quick,15,0,3.6
17,3,specialist,14,1,82.8
22,4,quick,3,6,16.2
24,1,specialist,2,1,358.1
29,1,general,19,5,229.9
13,2,general,14,1,51.9
23,1,quick,13,0,103.4
22,3,general,10,3,74.2
2,4,quick,17,4,5.8
24,2,quick,7,1,37.6
28,3,general,7,6,74.2
26,4,general,22,4,52.3
8,1,general,5,4,64.4
11,4,quick,10,3,11.3
28,4,quick,12,2,26.4
25,3,specialist,8,6,121.9
22,2,general,23,6,85.0
24,1,general,14,0,221.1
20,2,quick,9,5,29.5
16,3,quick,12,5,21.1
16,1,general,21,1,127.1
13,2,general,5,2,54.1
21,3,quick,7,4,22.5
5,4,quick,20,2,5.1
22,1,general,21,1,175.0
26,2,general,19,5,104.1
24,1,specialist,17,3,467.3
10,3,quick,14,2,10.3
2,1,quick,11,2,9.2
23,4,specialist,15,3,82.2
17,3,general,16,6,58.4
13,4,general,5,1,24.4
29,3,general,15,6,76.6
27,2,specialist,3,4,201.8
21,3,general,1,6,54.2
11,4,specialist,7,6,39.0
24,1,quick,6,1,71.0
20,1,specialist,17,1,389.5
10,2,general,6,3,40.6
13,1,specialist,5,1,196.5
9,4,general,22,5,17.9
5,4,general,4,1,12.4
10,3,quick,2,1,13.0
21,3,general,21,5,54.6
22,4,general,19,5,44.1
16,2,quick,13,0,35.2
9,3,quick,8,0,7.8
24,2,quick,19,6,37.1
9,1,specialist,12,6,173.8
15,4,general,13,2,38.6
10,3,specialist,9,2,47.8
9,1,specialist,1,3,133.2
15,3,specialist,21,2,71.2
11,1,general,15,5,90.6
9,4,quick,14,6,3.3
26,2,quick,21,1,42.0
6,4,quick,14,6,4.6
12,4,quick,7,3,6.8
28,3,specialist,10,0,207.0
21,4,general,15,3,40.3
29,1,general,14,3,230.1
28,4,quick,12,3,24.9
14,4,general,2,6,25.5
22,3,specialist,20,4,110.2
3,2,general,19,0,11.8
29,4,specialist,4,5,108.3
12,2,general,18,6,59.8
18,3,quick,3,0,18.2
14,4,quick,5,5,9.6
22,4,specialist,17,4,108.0
25,2,specialist,10,4,243.6
9,3,quick,6,3,8.1
28,1,specialist,2,0,482.3
23,4,specialist,1,1,89.2
20,3,general,15,5,50.0
6,4,quick,22,4,3.4
16,4,specialist,14,1,58.1
23,2,specialist,6,1,171.1
10,3,quick,10,1,12.1
16,2,specialist,16,5,157.8
5,4,specialist,21,5,20.1
9,2,general,12,0,53.7
12,4,quick,4,5,11.1
25,4,quick,8,1,19.4
8,4,general,1,3,15.4
27,3,general,1,3,72.0
3,4,specialist,0,2,10.2
14,1,quick,13,1,52.9
23,3,general,19,4,62.8
25,2,general,17,5,125.8
12,4,specialist,23,5,45.5
0,4,general,3,0,0.0
5,2,general,3,3,18.2
6,2,general,7,2,22.6
15,4,quick,13,5,14.5
22,4,general,12,2,50.8
0,3,quick,13,6,0.0
19,3,specialist,22,4,95.4
5,1,quick,4,0,16.4
26,4,specialist,12,4,129.1
19,1,general,7,6,150.4
0,3,quick,19,5,0.0
16,1,quick,20,6,50.3
2,1,general,15,2,15.9
11,4,quick,4,2,5.1
18,2,quick,3,2,27.9
12,1,specialist,12,2,238.2
19,4,specialist,10,2,90.6
22,2,specialist,15,2,167.2
11,3,quick,15,6,15.6
25,3,quick,22,5,25.8
5,4,specialist,10,2,24.0
9,1,specialist,19,5,132.8
6,3,quick,23,6,6.3
25,4,general,3,0,56.1
20,2,quick,20,4,32.3
21,1,general,12,0,252.4
27,3,quick,13,1,35.5
22,1,specialist,8,6,331.5
0,3,general,21,4,0.0
27,2,specialist,13,2,260.9
5,3,quick,13,0,4.1
21,4,specialist,14,4,77.7
16,2,quick,9,6,24.4
9,2,specialist,16,0,101.3
0,4,specialist,5,2,0.0
1,4,general,11,4,2.8
29,3,specialist,3,0,165.9
7,3,specialist,8,4,37.2
26,3,specialist,19,2,128.9
28,4,specialist,17,3,136.4
6,1,quick,3,4,17.8
3,1,specialist,15,6,43.8
3,2,specialist,11,3,27.2
28,3,specialist,20,6,140.9
9,1,quick,4,5,21.9
21,4,general,9,4,38.9
28,3,specialist,20,3,142.3
14,1,general,10,5,145.0
10,3,specialist,17,2,65.1
25,1,specialist,11,5,486.3
17,3,specialist,10,3,110.3
21,4,general,1,4,37.1
13,4,general,22,2,23.0
8,1,quick,18,6,32.2
25,3,general,9,2,67.8
14,3,quick,6,4,14.9
11,2,general,14,2,42.7
18,1,quick,5,4,53.3
18,4,specialist,19,6,68.7
22,4,general,2,4,44.4
24,1,general,13,4,249.6
1,2,quick,14,6,1.9
10,2,general,11,0,57.1
17,1,specialist,7,0,293.1
3,1,specialist,13,5,58.3
14,2,general,22,2,57.9
14,4,quick,18,2,11.2
0,4,general,7,3,1.1
24,1,quick,12,4,93.7
1,2,specialist,17,6,7.9
17,1,quick,11,6,66.7
2,3,quick,22,2,4.4
23,4,specialist,21,4,84.0
22,3,general,0,2,58.3
27,3,quick,17,3,35.2
26,4,quick,0,2,18.4
27,3,specialist,12,5,179.7
2,4,specialist,21,3,5.5
25,1,quick,22,5,74.4
22,2,general,8,0,103.3
10,1,quick,22,5,28.2
20,1,specialist,22,6,305.1
18,4,general,11,1,44.1
6,2,quick,7,2,9.7
24,1,specialist,8,4,362.9
15,4,quick,20,1,10.9
16,4,general,21,4,29.9
17,2,general,1,0,79.9
10,1,general,5,5,79.7
20,3,specialist,1,2,98.2
23,1,specialist,16,3,448.4
3,1,general,2,5,23.9
15,1,specialist,10,1,288.9
24,3,specialist,18,6,156.6
1,1,general,9,2,8.4
28,1,quick,17,1,112.4
9,3,specialist,8,2,48.4
23,4,specialist,19,1,88.7
8,4,quick,3,6,5.2
16,4,general,8,1,31.8
28,2,quick,17,6,56.6
9,1,general,3,1,71.2
8,2,quick,15,6,11.4
4,3,specialist,20,2,24.1
6,4,specialist,23,0,25.9
6,3,specialist,21,3,30.1
4,3,quick,13,1,5.4
22,4,quick,17,3,22.2
22,2,general,6,3,86.4
17,3,specialist,2,1,83.7
27,3,general,18,5,91.6
23,4,quick,14,5,18.2
16,2,quick,2,6,25.1
29,3,quick,5,3,28.0
17,4,quick,21,2,12.4
12,3,quick,9,0,12.7
29,1,specialist,22,5,435.8
23,2,general,22,0,104.3
10,3,specialist,1,3,48.4
15,2,specialist,13,2,148.6
15,4,specialist,7,2,53.7
0,1,specialist,6,0,0.0
2,3,specialist,3,2,10.4
0,3,specialist,12,6,2.4
9,3,quick,8,2,8.8
3,3,general,0,1,4.5
2,4,general,2,4,5.4
15,2,quick,2,3,20.5
17,3,general,23,3,48.1
14,2,specialist,21,5,104.6
14,4,specialist,3,6,51.3
1,1,quick,14,4,2.0
0,1,specialist,19,0,2.7
24,2,specialist,14,3,179.3
28,4,quick,22,6,20.3
26,4,general,5,5,51.6
19,1,specialist,23,5,284.8
4,3,general,20,5,11.7
25,4,general,10,0,76.9
6,1,quick,1,3,19.8
15,4,quick,4,4,7.9
8,4,quick,8,4,3.2
21,2,general,10,3,108.4
5,1,specialist,1,6,76.2
0,1,quick,0,6,0.7
26,3,general,17,2,93.0
5,4,general,22,3,11.6
17,3,specialist,15,1,87.5
6,3,general,16,4,19.9
17,3,general,9,0,51.7
6,2,quick,6,1,12.0
3,1,specialist,21,1,45.6
11,3,specialist,8,2,53.9
19,2,specialist,18,2,183.1
24,2,quick,6,2,34.4
28,2,quick,2,5,37.8
15,2,specialist,0,6,112.3
5,1,specialist,22,1,73.2
23,3,specialist,23,5,114.0
1,4,quick,18,0,1.5
26,1,general,0,2,210.6
28,3,general,20,3,71.7
10,4,general,3,1,19.8
20,4,general,22,6,38.0
13,2,specialist,12,3,124.7
17,2,quick,18,1,33.2
0,4,specialist,21,0,0.0
5,2,specialist,14,4,36.2
12,2,general,22,6,49.3
25,3,quick,14,3,26.8
22,2,quick,4,4,35.1
22,2,specialist,0,6,160.3
28,3,quick,14,2,23.2
22,1,specialist,0,0,380.9
8,3,quick,17,2,11.5
5,4,general,13,3,11.1
27,2,specialist,3,4,201.7
14,3,general,0,1,39.3
27,3,general,14,5,69.3
25,2,general,13,2,129.3
0,2,quick,21,6,1.6
15,1,quick,9,0,50.5
0,4,general,23,5,0.0
1,1,general,23,4,5.1
20,1,general,3,0,182.8
25,4,specialist,15,5,94.4
16,1,quick,23,1,51.3
12,1,specialist,9,3,177.8
19,3,general,3,1,47.7
12,1,quick,10,3,46.3
19,2,general,22,2,72.7
17,1,specialist,13,3,330.6
11,1,general,9,2,88.9
2,4,general,11,0,8.3
20,4,quick,7,3,14.6
3,2,specialist,6,5,23.4
9,1,specialist,0,0,156.0
28,4,specialist,15,1,109.5
25,3,quick,8,5,23.6
25,1,specialist,13,6,487.3
25,1,quick,19,3,74.4
29,4,quick,1,5,26.3
20,2,specialist,1,3,151.4
14,3,specialist,9,0,78.4
13,3,specialist,19,3,61.8
1,4,quick,22,3,0.2
13,1,quick,1,3,41.2
17,2,specialist,12,3,167.8
6,4,specialist,20,2,21.4
20,3,quick,5,3,20.2
2,3,quick,4,2,1.7
4,1,specialist,4,6,60.3
9,4,general,10,5,19.7
22,2,general,2,6,88.7
9,1,quick,13,1,35.4
29,3,specialist,16,0,216.6
1,1,quick,3,1,5.7
3,1,specialist,20,5,43.0
7,2,general,9,1,28.4
24,3,general,18,2,82.7
3,1,specialist,10,3,63.5
7,4,specialist,20,3,25.1
20,2,general,13,5,106.7
29,2,specialist,20,3,213.4
11,1,specialist,5,5,165.1
29,3,specialist,11,1,188.6
23,2,specialist,5,2,172.0
24,1,general,23,5,191.8
19,1,quick,17,3,70.9
19,1,specialist,9,5,285.3
24,2,general,10,6,124.7
6,3,specialist,22,4,32.4
1,1,specialist,14,0,16.8
21,1,quick,18,1,79.3
22,2,general,11,4,117.0
25,2,general,10,1,130.6
17,3,general,3,1,47.4
26,3,general,18,1,88.2
17,4,specialist,20,0,71.0
29,2,general,15,4,115.6
25,2,quick,7,2,36.6
11,3,quick,11,1,14.1
4,3,specialist,11,1,26.8
22,4,quick,23,3,19.4
10,1,quick,4,4,30.9
20,1,specialist,19,4,301.8
2,4,quick,6,3,0.6
5,1,quick,14,3,11.9
20,1,specialist,4,6,299.7
6,3,general,12,0,23.1
9,1,specialist,3,6,134.4
4,2,general,11,3,15.7
1,1,specialist,23,2,15.3
9,3,specialist,1,4,47.7
20,4,quick,9,5,14.9
4,4,general,6,0,10.5
9,3,general,18,5,32.8
15,2,specialist,3,6,114.9
17,1,quick,8,4,50.0
24,3,quick,2,5,26.3
17,1,general,8,6,134.4
4,4,quick,9,3,1.2
23,3,specialist,16,2,146.7
6,2,quick,13,1,13.0
7,4,quick,1,0,2.8
7,3,quick,14,6,7.3
25,4,quick,23,0,17.6
26,3,general,14,4,66.3
16,2,specialist,3,2,114.7
22,2,specialist,17,0,244.8
11,3,general,23,3,29.0
19,1,quick,22,5,53.3
29,3,specialist,4,4,145.2
3,2,general,17,5,17.6
11,1,general,11,6,113.0
1,2,general,3,2,1.3
26,2,general,9,1,103.9
16,4,quick,20,0,12.1
4,1,general,16,0,46.7
5,4,specialist,19,4,15.1
23,2,specialist,0,4,171.8
25,4,general,10,0,74.9
26,2,general,0,6,100.7
19,3,general,15,5,47.2
14,2,general,23,4,55.3
12,1,specialist,18,0,269.3
12,1,general,7,2,94.7
19,4,specialist,12,6,96.3
16,1,specialist,18,4,311.5
1,1,quick,8,0,3.8
19,3,specialist,9,1,95.9
1,3,general,16,2,7.2
20,2,general,4,6,79.0
3,3,specialist,6,0,16.2
18,1,general,17,1,186.6
10,4,specialist,16,5,48.0
23,4,quick,8,6,15.0
18,3,general,2,5,50.5
9,1,general,16,4,91.6
17,2,quick,6,3,27.4
21,4,general,17,3,57.2
17,4,quick,1,6,12.0
18,4,general,8,5,34.8
27,2,quick,17,4,54.4
13,3,general,11,1,46.1
5,1,specialist,22,3,75.8
11,1,quick,11,1,41.7
11,4,specialist,9,5,44.3
3,1,quick,11,1,11.9
27,3,quick,8,6,26.8
12,2,specialist,5,1,85.2
11,2,specialist,18,5,109.2
21,3,general,17,2,73.9
28,3,specialist,9,2,138.9
9,4,quick,12,1,6.5
5,4,quick,23,0,5.9
23,1,general,12,2,241.1
2,3,specialist,3,2,6.4
11,4,specialist,2,6,40.2
13,4,general,7,4,25.2
16,3,general,3,0,51.1
19,1,general,1,0,173.6
22,3,quick,21,6,21.0
11,2,quick,2,3,18.4
20,1,quick,12,0,91.9
9,4,general,11,4,24.3
4,4,general,2,2,6.7
20,3,specialist,10,5,133.9
12,3,specialist,2,6,62.1
8,2,quick,12,1,16.3
6,4,specialist,17,0,31.9
5,3,quick,16,4,5.3
21,4,specialist,5,1,79.4
28,1,general,14,3,227.2
4,3,general,21,1,10.7
20,2,quick,17,5,39.0
15,3,specialist,14,1,77.2
21,4,specialist,22,0,89.9
26,4,specialist,12,0,151.0
6,1,general,22,3,48.9
6,2,quick,12,2,13.9
5,3,specialist,14,4,27.3
18,4,general,14,1,35.2
18,2,general,21,4,69.3
5,1,general,19,2,35.2
20,1,specialist,10,2,386.5
17,3,specialist,3,2,82.9
2,3,quick,0,6,1.7
29,2,quick,18,1,58.2
1,1,general,9,4,11.0
3,4,quick,9,1,1.9
5,3,specialist,20,0,30.8
11,2,general,12,1,58.3
14,2,specialist,7,4,104.4
12,3,general,2,3,32.2
21,2,quick,10,4,41.0
10,1,specialist,5,5,153.5
5,4,general,20,6,11.1
24,2,specialist,13,6,235.4
29,3,general,15,0,89.9
6,2,general,21,4,27.0
5,4,quick,8,4,3.9
8,1,specialist,20,0,136.8
28,2,general,23,4,113.5
9,3,quick,4,1,11.8
8,1,general,13,1,80.9
25,1,specialist,2,5,375.9
25,2,specialist,20,1,189.6
23,3,specialist,4,3,116.1
0,3,general,0,0,1.3
11,4,quick,10,5,9.5
9,4,general,12,0,26.9
14,2,quick,16,2,30.5
14,1,quick,1,2,43.8
10,2,general,2,4,40.0
9,1,specialist,1,6,131.7
14,4,general,0,4,27.4
3,3,specialist,8,6,18.8
2,4,general,0,3,4.9
22,1,specialist,21,3,329.6
23,2,general,4,2,90.2
20,1,quick,12,3,76.3
8,4,general,17,1,21.0
3,1,specialist,21,1,47.1
16,1,quick,21,1,50.9
13,3,quick,18,0,17.3
2,1,specialist,13,2,37.9
18,3,specialist,6,1,89.6
3,4,quick,4,1,2.5
11,3,general,6,5,31.5
4,1,specialist,9,2,58.5
0,1,general,9,0,2.1
14,1,specialist,17,5,272.9
14,1,specialist,23,1,212.9
15,3,general,16,3,49.1
17,3,quick,13,2,20.3
19,2,general,9,1,76.4
5,1,specialist,15,0,85.9
11,4,general,19,4,20.5
4,2,specialist,11,4,38.0
2,1,specialist,17,3,37.3
29,2,specialist,8,1,218.4
2,4,quick,12,6,0.0
28,2,quick,22,0,49.1
17,2,quick,11,6,31.3
9,2,general,13,4,48.8
6,2,quick,1,4,10.8
2,3,quick,5,5,2.0
10,2,specialist,23,4,75.3
16,4,specialist,16,1,76.0
7,4,specialist,17,4,35.8
26,1,specialist,11,5,503.0
14,1,general,7,1,110.7
24,4,general,18,3,59.9
25,4,quick,22,2,21.3
28,2,quick,18,1,57.9
14,1,quick,4,2,40.8
11,4,quick,6,1,6.7
4,2,general,4,0,14.4
0,4,specialist,14,4,0.0
25,2,specialist,17,4,243.9
15,2,general,6,0,74.5
5,2,general,5,5,18.8
8,3,specialist,23,1,37.2
21,2,quick,5,5,31.4
13,3,specialist,6,3,62.9
12,1,quick,7,1,36.2
22,1,general,8,1,174.9
25,3,specialist,12,1,161.6
9,3,specialist,2,5,46.3
19,1,quick,17,6,70.8
29,1,general,2,2,232.9
8,1,quick,17,3,31.2
15,4,specialist,4,4,56.6
28,2,quick,22,1,39.0
27,3,quick,15,5,25.4
5,2,quick,1,6,7.0
2,1,quick,18,1,10.4
25,2,general,20,2,101.6
20,3,specialist,8,5,99.2
11,4,specialist,5,6,43.7
7,3,general,16,6,22.0
13,4,quick,11,1,11.4
8,1,specialist,22,5,116.0
13,2,quick,0,6,21.7
10,4,general,18,3,27.4
4,2,quick,4,4,6.2
28,4,general,20,4,56.4
2,1,specialist,5,0,33.5
12,1,general,0,2,97.0
29,4,general,18,2,72.8
12,3,general,1,5,33.2
7,1,general,23,5,56.3
17,4,specialist,19,3,62.0
29,2,specialist,6,0,248.0
17,4,quick,11,0,19.1
16,4,quick,17,6,15.3
8,4,quick,4,5,7.4
4,2,specialist,6,3,31.2
25,4,quick,15,2,20.8
24,1,specialist,14,0,415.6
10,1,general,16,6,104.1
23,3,specialist,18,4,150.8
13,2,general,17,6,67.8
16,2,general,0,4,62.7
4,4,quick,5,2,8.2
26,3,specialist,9,4,132.5
2,4,specialist,16,6,14.0
10,2,quick,16,4,23.2
26,4,general,8,5,50.5
5,4,general,5,2,11.3
4,1,quick,0,6,13.3
13,1,quick,12,1,49.1
25,2,specialist,21,6,184.9
7,2,general,9,0,31.6
21,3,specialist,15,4,103.2
25,1,specialist,13,1,489.8
9,2,general,2,3,33.1
16,3,quick,10,6,21.1
18,3,quick,3,5,17.1
17,1,general,4,6,134.5
14,4,quick,11,1,16.4
18,2,specialist,22,2,136.9
7,3,quick,23,1,7.6
9,2,quick,17,5,18.3
11,3,quick,8,2,9.7
6,3,specialist,23,3,30.1
14,3,general,20,1,37.6
3,1,specialist,22,4,44.7
18,1,specialist,7,0,314.4
16,1,specialist,0,2,241.7
13,2,quick,1,5,17.0
22,3,general,1,1,59.1
27,2,general,16,6,137.6
5,4,specialist,5,2,17.6
23,4,quick,17,4,22.5
9,1,specialist,2,3,136.9
27,2,quick,17,5,52.6
3,3,general,20,3,6.7
29,2,general,0,0,138.8
7,3,specialist,4,1,36.7
13,3,quick,6,3,12.6
4,4,general,6,5,6.8
9,3,quick,11,6,9.7
6,1,quick,6,6,14.3
25,3,specialist,1,1,119.7
24,2,general,15,4,96.0
6,3,specialist,11,0,43.8
27,3,specialist,3,2,133.0
15,1,general,14,5,120.0
7,3,specialist,5,2,37.5
1,3,general,1,0,5.5
27,2,quick,7,4,40.2
7,4,general,14,5,14.1
29,1,general,10,3,304.4
24,4,general,16,5,61.9
14,3,quick,2,1,12.9
24,2,general,21,3,98.0
21,2,specialist,23,1,155.1
2,3,quick,15,6,0.9
7,4,specialist,4,2,28.9
16,3,specialist,14,3,79.9
0,1,specialist,15,4,2.0
20,2,general,12,4,104.5
24,4,quick,12,0,25.8
16,1,quick,13,1,64.7
10,1,specialist,16,0,221.9
20,3,specialist,21,3,101.6
28,4,general,23,5,54.3
19,1,specialist,11,2,372.6
23,3,quick,21,4,24.0
26,3,general,6,3,70.9
1,1,specialist,7,0,17.5
3,3,general,12,6,14.7
14,4,specialist,14,6,53.9
4,4,general,19,1,9.0
12,1,specialist,12,6,233.6
21,3,quick,4,1,22.4
6,3,general,18,2,25.6
12,2,quick,5,2,19.5
26,4,specialist,7,0,111.1
11,2,general,13,0,65.8
26,1,quick,9,4,74.4
16,4,specialist,17,3,78.6
8,1,specialist,5,4,124.2
22,4,specialist,11,3,104.7
24,4,specialist,15,3,89.1
5,4,quick,17,6,4.8
21,4,quick,1,5,16.3
7,4,general,4,1,13.9
24,4,specialist,10,1,120.0
4,4,general,5,2,9.0
21,2,general,15,5,83.7
6,2,quick,19,2,6.8
17,2,quick,21,3,29.4
22,2,quick,16,5,40.1
11,1,specialist,19,1,168.4
2,2,specialist,16,2,18.0
22,3,quick,16,3,28.7
26,2,specialist,10,5,257.6
20,4,general,16,5,53.3
18,1,quick,2,1,54.8
16,3,specialist,19,2,79.8
6,2,general,11,4,28.4
22,4,general,4,3,43.1
16,2,general,6,6,64.2
11,1,quick,23,2,33.9
24,4,quick,3,3,16.2
1,4,general,6,0,0.0
29,1,quick,10,6,114.1
3,3,quick,10,1,5.4
6,4,quick,1,4,6.6
23,3,specialist,8,5,114.2
18,3,specialist,6,0,105.0
25,4,quick,1,2,19.4
28,1,specialist,16,0,627.8
18,1,general,0,6,140.5
10,4,specialist,17,1,49.3
8,2,general,19,2,27.9
28,2,specialist,16,6,274.3
1,1,general,21,4,7.3
3,4,quick,21,4,2.1
25,1,specialist,4,6,375.1
13,1,quick,6,3,39.9
23,4,specialist,15,5,84.1
18,1,general,7,2,144.5
0,1,specialist,16,2,0.0
13,1,general,12,2,133.4
15,3,quick,16,5,16.5
11,4,quick,13,3,11.0
19,3,general,20,0,59.8
10,2,quick,1,1,13.7
0,2,quick,12,4,1.2
23,1,specialist,17,5,445.4
5,1,quick,23,5,18.6
27,1,specialist,2,1,404.6
3,3,specialist,6,6,13.9
8,2,quick,0,4,9.2
9,1,quick,22,4,29.4
10,3,specialist,5,6,51.9
19,1,quick,10,6,74.1
17,1,specialist,5,6,252.3
1,4,specialist,19,0,3.7
5,3,specialist,10,1,32.7
1,3,general,1,0,2.6
20,3,general,19,4,51.8
29,1,specialist,19,1,437.3
4,4,specialist,0,5,18.9
1,2,general,23,5,6.6
10,1,specialist,13,0,223.4
6,2,general,16,1,32.8
9,4,specialist,10,2,42.6
9,4,quick,9,5,8.1
28,4,specialist,18,0,155.8
19,3,specialist,23,6,96.8
13,2,quick,8,5,23.5
21,1,general,3,0,194.3
6,3,specialist,11,1,37.4
4,4,specialist,14,6,14.7
18,3,general,18,4,65.2
14,2,general,0,1,56.7
23,2,specialist,10,0,258.8
26,1,general,12,1,268.5
18,2,specialist,15,0,156.4
20,2,quick,9,0,36.9
24,3,general,14,6,62.8
22,4,general,22,6,44.7
1,3,general,8,5,1.1
8,2,specialist,4,6,59.0
20,4,specialist,13,3,96.8
21,4,general,3,5,43.5
4,2,quick,7,5,6.5
6,1,specialist,6,1,90.0
27,4,general,0,6,55.2
15,2,general,1,3,60.8
9,1,general,1,6,70.3
27,1,general,4,6,212.8
16,3,quick,22,4,14.6
26,1,quick,9,2,78.1
9,1,quick,16,6,35.6
16,2,specialist,4,5,122.5
4,2,quick,19,0,7.0
22,2,specialist,2,0,188.4
29,2,specialist,1,2,215.8
11,4,specialist,1,1,42.8
14,1,general,20,1,113.7
14,3,specialist,4,1,70.0
19,3,specialist,10,4,126.9
29,2,specialist,9,1,220.7
9,3,general,13,2,31.4
14,2,specialist,13,3,132.6
18,1,quick,16,2,67.4
21,4,quick,6,1,17.4
9,2,general,18,6,43.0
8,4,general,1,1,16.6
20,1,general,2,0,181.5
21,2,quick,8,1,29.1
8,1,specialist,4,0,138.1
13,3,specialist,9,6,63.4
15,1,specialist,11,4,296.7
19,2,general,2,4,75.5
21,1,quick,13,1,82.2
2,4,general,18,3,8.0
16,2,quick,11,6,32.9
10,1,general,20,3,78.7
10,2,quick,20,6,16.6
15,4,specialist,14,5,58.6
27,4,quick,20,3,19.4
12,1,general,3,3,96.2
6,1,specialist,5,1,87.9
25,1,quick,16,4,97.1
21,2,general,1,1,85.6
0,3,specialist,15,3,0.0
12,2,general,23,5,46.7
28,3,quick,7,3,29.5
16,1,specialist,15,2,240.2
26,2,quick,21,0,44.9
29,4,quick,17,6,29.5
19,3,general,14,6,51.2
23,2,specialist,13,5,223.3
24,4,general,19,5,49.6
0,4,quick,1,5,0.0
12,4,quick,7,5,10.7
2,2,general,14,0,12.8
14,3,quick,9,0,17.8
6,1,general,10,0,69.9
22,1,quick,2,6,69.1
8,3,specialist,19,4,38.8
20,3,specialist,22,6,101.7
18,3,general,12,3,61.9
8,3,general,17,6,28.4
14,1,general,7,6,109.9
29,4,general,9,3,57.3
11,3,general,12,3,39.3
29,2,quick,8,5,40.4
16,4,quick,2,3,11.2
8,1,quick,7,4,24.6
21,1,quick,18,6,83.9
25,1,specialist,13,5,487.3
14,2,specialist,15,6,107.2
7,3,quick,22,6,8.4
2,2,specialist,1,2,14.4
20,3,quick,3,5,20.0
0,4,specialist,0,3,3.3
27,1,quick,19,6,81.8
10,4,specialist,18,4,45.7
27,4,general,8,3,55.9
9,4,general,16,6,25.7
16,3,specialist,14,5,80.6
13,1,specialist,7,3,195.2
9,1,quick,6,1,27.9
27,3,specialist,15,4,135.8
19,1,specialist,10,6,370.9
14,4,general,23,3,28.4
11,4,quick,12,4,9.9
25,2,specialist,23,2,185.9
6,2,general,17,2,31.1
6,2,specialist,7,5,46.3
24,4,general,19,1,50.4
12,2,quick,14,5,17.6
20,3,quick,0,3,19.0
18,2,specialist,1,6,129.3
5,2,general,4,3,22.7
22,1,specialist,17,3,433.1
13,2,general,23,2,49.7
10,1,specialist,23,4,149.5
27,1,quick,18,1,107.0
3,4,specialist,23,1,8.1
2,1,general,3,1,16.0
16,1,quick,1,0,55.9
28,1,quick,17,5,108.8
8,4,quick,2,6,5.6
14,4,specialist,17,2,65.2
13,2,specialist,6,1,97.0
18,3,general,22,6,49.0
23,3,quick,19,1,22.5
26,3,general,16,3,90.5
10,1,quick,14,5,31.0
16,4,general,8,1,32.1
15,3,specialist,23,1,76.2
13,3,general,2,5,34.0
13,4,specialist,14,1,45.1
25,3,specialist,6,6,125.5
24,1,general,23,3,191.6
29,3,specialist,10,1,189.3
15,2,general,3,6,62.0
21,4,specialist,12,5,101.3
19,2,general,14,2,71.6
6,4,general,3,1,11.5
16,2,specialist,15,1,118.9
5,1,general,0,6,39.4
0,4,general,12,2,2.6
23,3,general,16,0,91.9
5,4,general,11,4,13.0
18,1,specialist,9,2,268.0
23,1,quick,17,1,86.8
27,4,general,16,0,82.5
17,1,specialist,2,2,255.1
23,2,quick,22,3,35.5
0,2,general,21,5,1.6
26,3,general,14,5,68.5
26,2,specialist,9,4,195.3
28,1,general,12,2,289.4
6,4,specialist,20,1,25.1
29,3,quick,16,4,37.8
20,2,quick,8,5,30.6
3,3,general,13,0,12.2
16,2,general,3,2,64.8
4,3,general,11,3,15.3
28,1,specialist,16,5,546.1
7,4,quick,1,1,7.6
16,1,quick,9,4,48.1
18,1,general,18,6,185.6
28,2,general,21,5,115.7
10,4,quick,0,5,8.7
15,1,general,6,6,120.3
26,1,general,10,2,273.1
8,1,specialist,5,2,120.4
4,2,quick,21,5,5.2
2,4,quick,3,2,0.0
20,1,quick,12,3,81.7
10,2,quick,20,3,13.2
3,1,specialist,7,6,43.9
20,3,specialist,20,3,98.4
23,2,quick,9,6,34.0
20,3,quick,17,0,32.5
18,1,general,2,2,143.4
28,1,general,0,3,222.7
21,1,specialist,17,2,409.9
22,1,quick,22,4,66.7
25,1,quick,20,1,74.3
28,1,quick,5,2,81.2
13,2,quick,13,0,28.2
0,4,general,13,3,2.2
0,3,quick,18,5,0.0
15,3,general,4,5,40.1
23,2,general,12,3,119.0
2,1,specialist,8,6,29.2
0,2,general,12,0,0.4
27,1,general,23,2,214.2
0,3,specialist,23,4,1.0
7,1,general,16,3,73.1
5,1,general,0,0,40.9
21,3,specialist,0,3,105.3
25,4,general,12,6,67.0
19,3,quick,17,5,27.9
25,3,general,2,3,67.3
23,4,general,9,2,44.1
15,3,general,12,1,53.9
14,1,quick,20,2,41.7
9,4,general,6,3,15.7
0,1,general,8,0,0.3
5,1,specialist,8,1,73.7
19,2,general,5,3,76.5
7,4,specialist,23,3,26.5
0,1,general,4,4,0.0
4,3,specialist,23,5,20.5
28,3,quick,0,6,27.8
29,4,specialist,0,1,108.0
0,4,quick,10,2,0.0
16,3,general,8,0,52.3
26,1,general,12,1,268.2
15,3,general,22,4,44.2
18,1,specialist,16,1,350.0
18,4,specialist,4,6,69.8
0,3,specialist,17,4,0.9
13,3,quick,5,0,16.1
24,4,quick,20,6,17.8
4,1,general,15,3,34.5
8,4,quick,12,4,6.1
8,1,specialist,17,3,158.6
26,3,specialist,17,4,174.0
13,1,specialist,13,2,252.9
17,2,quick,22,6,24.4
15,1,specialist,9,0,259.1
4,4,general,1,6,9.0
8,1,quick,21,3,22.2
26,1,specialist,23,1,391.6
8,1,general,12,6,84.8
4,4,quick,6,6,0.9
9,2,specialist,18,4,85.4
12,1,general,14,4,96.0
12,1,specialist,0,4,180.7
6,3,general,22,2,18.9
10,3,quick,6,1,14.2
9,1,general,5,0,81.5
0,3,quick,3,2,0.9
25,1,general,10,2,259.4
13,1,general,0,4,105.0
3,4,quick,22,5,1.1
8,3,specialist,3,5,42.2
27,3,general,12,5,94.8
5,3,quick,4,6,1.7
12,1,specialist,1,4,179.7
28,4,general,7,5,54.8
22,4,specialist,7,5,83.9
10,4,quick,7,5,7.3
20,2,general,1,6,78.8
23,3,general,23,1,61.8
24,2,quick,17,0,56.5
28,2,quick,5,0,47.8
17,1,specialist,21,0,293.0
10,3,quick,15,4,10.3
21,2,general,6,0,95.0
28,2,quick,22,5,41.5
4,4,specialist,0,4,17.2
1,2,quick,12,4,0.8
11,1,specialist,7,3,160.7
0,1,specialist,12,4,0.0
0,4,quick,18,4,3.8
5,2,general,2,3,18.2
0,2,quick,11,6,1.4
6,1,quick,2,1,18.9
0,2,general,18,3,0.0
28,3,quick,1,0,30.9
17,4,quick,10,6,13.9
29,3,specialist,21,4,141.5
24,4,quick,10,4,20.4
20,2,specialist,3,5,146.6
4,3,quick,14,0,0.0
1,3,quick,12,2,0.0
15,2,quick,12,2,29.9
18,4,quick,14,3,11.8
15,2,quick,4,1,26.0
15,2,quick,10,6,27.3
5,1,specialist,23,3,72.7
8,3,specialist,17,3,51.1
8,3,quick,17,2,12.5
15,2,quick,13,4,26.1
5,4,specialist,3,0,21.4
12,3,general,23,3,30.7
17,3,specialist,2,6,83.2
2,3,general,8,2,2.1
6,4,general,21,2,11.8
9,3,quick,20,3,12.8
22,3,general,18,2,75.4
5,4,quick,15,2,6.3
6,1,quick,2,6,16.5
6,1,quick,19,5,18.7
18,3,quick,21,3,20.1
0,4,specialist,20,6,0.0
12,3,specialist,3,4,58.0
23,4,general,5,6,45.7
8,2,quick,15,1,11.1
22,2,general,11,5,113.7
6,3,quick,1,3,6.5
15,3,specialist,2,5,74.0
25,3,specialist,6,5,126.0
4,4,quick,3,4,5.9
26,1,quick,18,1,101.0
16,1,quick,10,6,61.7
9,1,general,8,4,73.7
7,3,general,2,2,17.4
2,1,specialist,12,6,41.0
20,2,quick,8,5,27.4
1,1,quick,1,1,1.3
29,1,quick,17,3,111.7
16,1,specialist,9,2,240.3
1,3,general,1,6,4.2
12,1,general,13,3,125.9
21,2,quick,7,1,26.6
9,2,specialist,11,4,86.2
13,3,specialist,8,3,62.6
28,1,specialist,4,3,422.8
28,1,specialist,18,1,546.2
17,3,general,20,5,47.0
0,1,quick,11,6,0.0
18,3,specialist,17,1,115.1
11,4,quick,2,0,9.3
24,3,quick,21,0,28.6
18,1,quick,12,3,70.7
24,1,specialist,7,3,361.7
4,1,specialist,14,2,59.2
16,3,general,1,2,41.6
0,2,quick,1,2,1.1
22,3,specialist,1,4,110.9
28,2,quick,9,6,38.5
27,1,general,22,2,215.5
5,3,quick,0,6,4.6
21,2,specialist,15,3,154.9
23,3,general,5,1,60.1
28,2,general,2,3,111.0
7,1,quick,11,5,27.9
9,3,quick,3,3,9.0
25,2,specialist,20,1,184.7
13,1,specialist,10,1,250.3
15,3,quick,8,3,13.7
20,3,specialist,15,1,99.9
24,2,specialist,12,2,233.8
8,2,general,3,2,35.5
21,4,specialist,4,3,82.6
28,1,general,3,4,220.4
9,3,specialist,9,4,45.7
5,2,specialist,16,4,49.7
18,3,quick,14,0,20.2
23,4,specialist,3,2,86.2
13,3,specialist,3,5,68.8
24,2,quick,20,2,34.7
18,3,quick,6,5,12.8
0,3,specialist,2,4,1.0
24,4,quick,22,6,19.1
10,3,specialist,0,0,56.0
25,1,quick,16,4,96.6
4,2,specialist,5,0,33.9
23,1,specialist,15,4,344.1
0,3,quick,5,2,0.0
0,4,general,13,0,1.2
19,2,quick,1,6,29.1
14,2,specialist,15,2,106.0
28,2,general,9,4,111.4
14,3,quick,9,2,15.5
23,3,specialist,5,3,117.8
4,2,general,20,2,15.5
2,2,specialist,3,5,17.0
14,2,specialist,12,5,138.9
4,1,general,2,4,31.8
3,4,quick,17,1,2.0
6,4,general,15,0,16.3
18,4,specialist,11,6,88.7
19,4,quick,9,6,17.0
28,3,specialist,13,2,181.8
9,4,specialist,8,3,28.3
12,2,general,12,0,72.4
5,3,general,6,2,15.6
20,4,general,9,4,40.6
27,4,specialist,19,1,101.3
21,4,specialist,2,4,76.9
6,1,specialist,17,0,138.4
0,4,specialist,14,4,0.0
15,3,specialist,5,2,75.6
25,1,specialist,17,1,482.2
22,4,specialist,2,1,81.1
19,3,specialist,11,6,123.1
4,2,quick,23,0,6.7
20,2,specialist,5,4,152.2
3,1,general,9,1,24.0
10,2,specialist,20,0,87.7
20,2,general,15,6,81.2
15,2,specialist,11,4,147.0
16,2,quick,19,0,26.4
5,1,quick,8,4,13.0
19,4,quick,23,0,18.3
21,3,general,16,5,75.4
29,4,quick,0,4,23.4
26,3,specialist,1,1,134.6
12,2,quick,6,2,19.0
12,4,general,21,3,22.0
6,2,general,11,2,29.8
26,4,quick,3,5,20.6
20,1,general,23,6,161.7
19,1,general,13,6,196.7
17,1,specialist,6,4,250.2
14,4,general,3,2,28.4
25,4,quick,22,2,21.8
27,2,quick,4,3,41.3
25,3,specialist,14,5,123.6
21,1,general,12,0,250.5
23,4,quick,20,0,17.2
29,3,quick,19,6,28.3
27,1,quick,20,4,78.5
7,2,specialist,0,5,51.9
14,3,specialist,0,1,70.7
23,4,quick,12,0,24.4
7,4,quick,2,0,7.7
26,2,general,21,6,106.2
26,3,general,20,6,70.2
15,2,quick,0,3,22.7
29,1,general,7,2,232.5
21,1,general,6,6,166.7
23,1,general,12,3,239.5
13,1,general,6,4,104.6
28,4,specialist,11,3,136.3
3,2,general,0,3,9.8
8,1,general,0,6,64.3
28,2,quick,21,1,44.1
20,1,quick,5,4,60.6
10,2,general,20,2,39.8
11,1,quick,9,6,32.8
29,4,general,12,2,77.0
6,2,quick,20,4,8.2
20,3,general,3,4,53.4
2,1,general,6,6,18.9
28,4,general,9,6,56.6
1,4,specialist,3,4,4.2
10,4,general,5,5,22.0
19,4,quick,3,5,15.1
12,1,general,11,6,125.6
13,3,quick,16,4,16.9
28,3,specialist,3,2,140.3
8,3,general,20,3,23.0
9,1,quick,10,6,35.8
8,3,general,4,2,21.2
13,2,specialist,3,6,98.7
10,2,quick,17,4,21.9
17,2,general,19,3,65.4
16,4,quick,2,0,13.1
14,1,specialist,8,0,242.1
2,4,quick,2,2,2.8
4,3,general,12,2,16.9
0,2,general,8,0,0.0
7,2,quick,22,5,14.1
8,3,general,21,6,18.9
20,1,general,14,6,159.9
29,3,general,1,1,77.8
28,1,specialist,14,5,419.9
2,1,general,10,3,17.8
14,2,specialist,6,2,106.4
5,1,specialist,21,4,71.8
26,2,quick,2,2,37.6
26,2,quick,10,6,48.2
1,1,general,8,0,5.5
27,1,general,15,6,219.5
1,2,quick,11,3,0.0
25,3,specialist,3,3,121.1
7,3,quick,20,3,4.0
28,2,specialist,9,2,208.9
9,2,specialist,18,3,86.3
2,2,quick,3,6,2.7
27,1,specialist,18,3,525.6
12,4,quick,4,6,8.0
27,2,quick,16,5,53.6
22,2,quick,3,5,31.7
1,4,specialist,7,0,3.2
25,1,quick,9,5,75.2
9,1,quick,16,3,36.1
21,1,specialist,5,0,363.0
7,3,quick,21,5,7.5
1,4,general,1,3,0.3
11,1,specialist,18,6,218.2
16,4,general,4,0,39.1
18,4,general,11,3,48.9
23,4,general,16,3,58.0
7,4,quick,7,1,9.0
1,4,general,6,5,5.4
1,3,quick,13,5,4.4
24,4,general,18,3,59.9
26,4,specialist,16,5,127.6
5,4,specialist,9,2,16.6
29,1,quick,14,5,85.7
21,3,quick,19,1,21.5
26,3,quick,20,6,22.6
22,4,specialist,21,3,80.5
13,4,general,8,5,28.5
19,4,quick,9,5,16.4
9,1,quick,14,6,24.4
25,4,quick,20,2,19.6
0,2,specialist,19,6,0.0
5,4,specialist,18,3,24.9
13,2,specialist,7,3,97.5
15,4,general,8,1,29.1
0,4,quick,13,5,0.0
14,1,general,11,3,147.6
21,4,quick,6,4,12.0
5,2,specialist,15,6,39.5
18,1,general,5,0,162.9
12,2,quick,5,5,18.0
16,1,general,7,5,126.8
3,2,general,19,4,13.0
17,2,specialist,4,2,126.8
16,1,specialist,20,1,239.0
13,2,general,23,3,51.9
27,3,quick,4,2,26.8
27,2,quick,7,5,38.6
7,1,specialist,10,5,140.4
12,3,quick,17,2,17.3
10,3,quick,17,4,10.7
12,3,quick,9,6,12.4
24,2,specialist,16,4,234.0
11,2,specialist,23,5,82.4
3,4,general,14,3,3.7
8,3,quick,19,0,8.4
22,1,specialist,0,6,328.2
18,2,specialist,3,3,134.1
7,1,quick,13,5,24.6
7,4,specialist,5,1,25.6
11,1,specialist,16,0,250.8
24,4,general,4,0,51.9
22,2,specialist,10,0,248.9
3,1,specialist,10,3,59.1
5,3,quick,1,5,8.2
11,2,general,7,0,53.0
2,1,quick,3,3,8.0
4,2,general,22,2,14.8
19,2,quick,12,3,35.6
5,3,quick,23,1,1.9
21,2,general,3,1,84.7
26,3,quick,21,3,28.1
24,1,general,10,1,250.9
10,2,general,22,5,41.2
14,1,quick,16,3,53.8
27,4,general,8,3,53.6
27,4,specialist,12,6,133.4
11,4,specialist,10,6,52.0
17,4,quick,13,2,10.6
22,4,general,18,4,59.0
12,1,quick,11,4,50.3
16,2,general,14,1,64.4
4,3,general,19,0,8.9
0,3,specialist,16,0,1.2
5,3,general,12,5,17.5
22,4,quick,18,2,20.9
1,1,quick,9,2,1.0
17,3,quick,15,4,17.3
28,1,specialist,21,2,423.5
11,1,specialist,16,5,213.8
20,4,specialist,0,5,74.0
3,4,specialist,20,5,11.2
22,4,specialist,1,1,83.5
6,3,quick,13,6,7.5
15,4,quick,20,6,4.8
14,4,specialist,21,4,53.3
16,2,quick,8,6,23.1
15,2,specialist,18,6,149.3
24,1,quick,14,6,74.0
14,1,general,17,2,147.3
12,1,specialist,12,4,234.7
20,2,quick,20,3,30.8
24,1,specialist,9,6,361.7
23,2,quick,21,3,34.3
22,2,specialist,2,6,164.2
4,2,general,12,0,22.5
17,3,general,12,3,63.9
15,3,quick,15,0,20.7
7,3,specialist,11,2,42.3
0,1,general,16,6,0.7
15,2,specialist,12,2,149.4
27,1,general,16,3,282.3
13,2,quick,13,3,28.0
17,3,quick,17,4,22.9
17,2,specialist,9,4,128.4
1,1,quick,8,4,0.8
11,2,specialist,6,0,97.1
9,1,general,11,2,94.5
27,1,quick,4,0,94.8
7,2,specialist,13,2,67.9
16,2,general,2,4,59.8
13,3,general,20,3,35.6
10,2,general,23,3,42.7
7,4,general,14,2,17.3
8,1,general,15,2,62.1
29,1,general,23,1,231.6
12,1,quick,12,4,51.8
11,4,specialist,5,2,38.5
0,2,specialist,19,2,2.0
16,3,specialist,23,5,79.5
29,3,general,13,1,100.1
0,1,specialist,4,1,1.3
10,4,general,2,2,20.9
11,1,quick,5,5,29.0
0,4,specialist,9,2,1.7
10,4,quick,18,2,8.6
24,1,specialist,11,2,465.9
23,2,quick,15,2,34.4
10,4,quick,7,5,5.8
14,3,specialist,12,5,90.3
27,2,specialist,20,5,201.3
22,4,specialist,7,3,80.9
14,1,quick,14,3,43.2
7,1,specialist,18,2,137.9
14,1,specialist,19,6,206.2
4,4,general,18,2,8.9
7,2,general,13,1,40.6
8,4,quick,13,4,8.4
15,2,general,14,3,61.3
3,1,specialist,15,1,44.8
23,4,general,13,3,57.0
17,3,general,12,5,58.0
24,2,general,20,6,95.9
0,4,quick,15,3,0.0
7,3,general,20,2,18.6
3,3,specialist,16,6,22.7
24,1,general,5,2,192.4
7,1,quick,23,6,22.7
17,4,quick,12,2,16.5
21,3,general,17,2,77.6
6,3,general,15,5,13.7
24,1,general,10,2,246.6
27,4,general,4,4,58.0
15,2,general,8,2,59.1
20,1,quick,3,0,66.0
0,3,quick,7,6,0.0
27,1,specialist,20,1,402.5
6,3,specialist,16,1,39.7
23,4,quick,5,4,17.3
9,1,quick,1,5,23.3
7,3,quick,7,1,8.6
16,4,specialist,17,4,75.9
0,3,quick,8,6,0.0
9,1,quick,7,2,27.3
29,1,specialist,6,4,433.5
23,4,general,21,0,55.8
2,2,quick,15,2,4.0
29,2,general,9,0,129.9
20,4,specialist,16,4,95.9
9,1,specialist,19,0,155.6
2,1,quick,15,4,5.0
23,1,specialist,12,6,449.3
16,4,quick,1,6,10.6
10,3,general,17,3,34.8
15,1,general,10,5,158.1
1,2,specialist,21,5,5.6
19,2,quick,13,6,37.1
19,2,specialist,17,4,184.9
15,2,general,3,5,60.7
0,1,specialist,20,2,0.0
20,2,quick,17,1,35.0
29,1,specialist,3,0,496.4
28,1,quick,12,3,108.2
22,1,general,7,5,177.8
6,4,specialist,10,4,28.5
27,4,general,14,2,55.2
2,4,specialist,8,4,12.0
27,2,quick,4,4,40.6
5,3,quick,4,0,6.9
17,3,general,7,4,45.2
16,4,specialist,15,5,58.7
5,1,quick,13,1,15.0
10,3,quick,4,3,8.4
10,1,quick,16,0,45.0
21,1,specialist,15,1,311.8
20,2,quick,6,2,28.1
27,4,specialist,12,3,130.7
19,2,specialist,22,1,140.4
0,4,general,2,2,4.1
2,4,quick,8,6,0.0
6,4,general,18,3,14.7
21,3,specialist,4,6,100.8
18,4,specialist,9,3,69.1
9,1,specialist,4,4,137.7
20,2,specialist,9,4,147.0
25,1,specialist,11,1,488.5
14,3,specialist,3,0,78.8
15,4,specialist,0,6,55.8
14,2,specialist,21,1,103.6
20,3,specialist,2,0,113.2
27,2,general,17,1,139.7
1,2,specialist,23,4,5.1
5,1,specialist,15,1,73.5
23,2,specialist,20,5,169.7
3,1,quick,12,3,10.5
4,1,specialist,6,4,61.0
19,3,quick,17,3,26.0
22,4,general,12,4,55.6
4,1,quick,0,1,12.8
20,4,general,23,6,40.3
24,4,specialist,14,2,88.7
21,4,quick,18,5,23.3
18,4,general,3,4,37.0
9,3,specialist,10,4,60.2
12,2,quick,4,2,20.5
9,4,quick,23,0,8.6
1,2,specialist,11,6,11.9
4,1,general,6,4,33.3
15,2,quick,0,3,22.7
27,1,specialist,14,1,401.9
20,2,quick,2,1,32.0
13,1,quick,8,5,38.5
0,3,specialist,12,3,1.9
12,3,quick,5,4,13.4
23,4,quick,21,4,17.3
22,2,quick,6,3,30.7
13,1,general,16,3,135.6
2,3,specialist,17,5,15.6
13,3,general,23,0,37.3
18,3,specialist,20,1,92.3
14,4,quick,10,0,14.4
13,4,quick,13,5,14.0
28,4,general,13,1,72.1
17,1,general,5,1,135.1
3,3,general,5,4,8.4
17,2,specialist,12,4,164.4
25,1,general,7,5,201.3
11,4,specialist,5,3,37.3
29,4,quick,2,6,21.2
2,1,quick,10,4,10.2
11,4,specialist,7,5,42.1
12,2,quick,9,5,19.7
17,1,general,6,3,136.0
18,4,quick,3,5,11.5
8,4,specialist,0,0,36.0
8,3,quick,8,3,8.3
7,3,quick,1,2,9.6
10,1,quick,2,1,31.3
18,4,specialist,20,2,70.1
27,1,specialist,6,3,410.9
11,1,quick,3,0,37.8
3,1,general,17,3,30.1
24,1,general,7,0,221.0
19,2,specialist,12,0,209.7
4,1,specialist,0,3,61.4
3,4,specialist,8,5,11.0
24,4,specialist,13,0,135.9
10,2,specialist,12,3,99.2
7,2,general,3,5,27.5
24,4,general,22,6,47.0
14,4,quick,3,1,13.1
28,3,specialist,21,6,141.4
24,4,quick,17,1,24.8
4,1,quick,6,3,14.3
13,4,specialist,21,4,49.6
25,3,general,21,2,65.7
11,1,specialist,19,1,166.2
17,1,general,22,2,137.1
20,2,quick,8,5,31.4
1,2,quick,5,4,2.5
4,2,quick,12,6,7.9
29,2,general,5,3,118.4
4,2,quick,8,4,4.9
21,4,specialist,18,5,100.7
27,1,specialist,12,6,529.3
21,2,specialist,16,1,203.1
12,4,general,15,2,24.2
28,4,quick,15,6,21.3
27,3,specialist,23,1,136.6
8,4,general,8,1,17.3
13,3,general,3,0,40.2
24,2,general,5,2,93.7
23,4,specialist,19,5,85.9
11,2,specialist,1,5,85.8
12,4,general,14,1,24.6
14,2,general,2,3,58.0
11,4,general,8,6,22.7
22,3,specialist,22,3,110.1
12,4,quick,12,6,9.6
23,3,general,23,3,62.5
27,2,general,3,5,113.1
19,2,specialist,18,6,183.1
25,3,specialist,23,3,126.7
17,1,general,19,2,137.3
23,2,general,5,1,97.6
28,2,general,17,6,144.9
9,3,specialist,4,1,44.8
21,1,specialist,2,1,313.6
23,4,quick,22,2,14.0
15,2,quick,16,2,31.0
13,3,quick,14,5,13.3
5,1,general,9,6,38.5
24,4,general,16,5,62.1
4,2,quick,22,3,7.2
8,2,specialist,18,6,77.7
16,4,general,10,5,42.7
10,3,specialist,1,2,53.0
9,2,general,20,5,31.9
27,4,specialist,7,6,101.9
1,4,specialist,16,2,6.4
18,4,general,0,1,35.4
16,1,specialist,12,5,313.2
7,2,general,2,5,26.0
18,4,general,2,6,35.8
18,4,general,15,4,35.6
21,4,specialist,12,5,104.1
24,1,specialist,18,0,537.0
12,3,specialist,7,2,60.7
12,4,general,15,5,24.9
25,1,quick,18,4,98.0
21,4,specialist,5,5,78.9
0,3,specialist,6,2,0.0
14,4,specialist,9,0,62.3
16,2,specialist,13,5,157.5
16,2,specialist,19,2,117.3
9,1,general,13,3,95.7
3,1,quick,16,0,13.8
14,2,general,21,3,56.1
1,3,quick,8,2,0.0
24,3,quick,22,6,22.5
17,1,specialist,1,6,255.6
1,3,general,7,3,3.0
23,2,general,15,6,92.4
6,4,specialist,8,3,22.1
3,3,specialist,23,0,17.2
23,2,general,23,3,89.9
12,2,quick,23,6,19.6
27,4,general,19,5,53.9
3,4,specialist,23,0,10.3
7,4,general,5,3,13.8
15,2,general,15,3,57.9
17,3,quick,19,4,16.6
23,3,quick,15,5,22.6
1,1,general,1,5,6.0
5,1,quick,8,0,19.4
10,2,quick,17,6,19.0
15,3,specialist,7,1,70.3
2,4,quick,21,6,0.3
24,4,quick,14,3,18.7
19,4,general,3,1,36.1
20,1,general,10,3,206.6
2,3,quick,17,2,3.9
8,4,quick,9,4,7.7
19,1,quick,23,4,59.7
7,3,quick,16,5,6.6
9,3,general,17,6,31.2
7,1,quick,4,4,21.1
12,2,general,16,2,61.7
20,4,general,11,3,53.7
12,4,quick,2,5,8.2
26,1,quick,17,0,113.9
18,4,quick,11,2,15.9
4,2,specialist,8,3,29.6
27,2,general,11,1,141.4
29,4,general,1,6,60.2
6,1,quick,16,3,23.4
5,3,general,12,0,22.2
25,1,quick,9,2,74.0
25,4,general,8,2,48.9
15,4,general,0,5,30.2
25,1,specialist,14,6,374.7
21,2,quick,19,5,29.6
10,2,quick,10,6,21.8
3,3,specialist,20,2,12.6
14,3,general,21,5,39.1
12,3,specialist,18,3,76.1
8,2,specialist,11,3,79.2
0,1,specialist,7,3,0.0
16,1,quick,12,5,61.4
0,2,specialist,6,1,0.0
17,1,general,14,3,137.3
11,3,specialist,1,2,58.3
11,2,quick,17,5,23.3
25,1,specialist,8,5,374.2
7,2,general,1,5,24.5
13,3,general,22,3,40.7
21,2,general,2,4,82.4
2,3,quick,23,2,1.5
9,2,general,0,5,35.1
27,1,specialist,15,3,407.2
14,1,quick,0,5,42.5
3,1,quick,13,1,9.7
16,2,specialist,18,3,156.8
14,1,specialist,8,2,211.8
20,1,quick,15,5,61.3
20,1,quick,4,6,56.4
1,4,specialist,20,3,3.8
23,1,general,5,3,187.4
17,3,quick,16,1,23.3
14,1,specialist,7,6,206.9
0,1,quick,19,4,0.6
22,2,general,1,3,87.7
2,2,quick,3,2,2.7
5,2,specialist,20,0,39.6
6,3,general,19,2,15.1
23,4,specialist,21,5,90.6
3,3,quick,6,1,5.6
7,4,specialist,5,1,24.2
23,1,specialist,6,2,346.3
12,2,specialist,9,1,89.3
8,1,specialist,5,0,135.6
21,4,general,8,6,37.3
0,4,quick,22,6,4.0
29,3,specialist,23,0,164.7
16,2,quick,21,2,24.0
6,3,general,18,0,19.8
29,1,general,22,2,230.3
25,1,specialist,11,1,488.0
16,4,specialist,9,2,58.9
1,4,specialist,14,1,3.0
29,3,general,21,6,75.6
13,1,general,23,4,106.3
22,4,quick,20,6,15.6
0,3,general,8,6,0.8
5,4,general,4,0,13.3
3,2,quick,5,2,6.6
2,2,quick,20,5,1.6
27,1,general,20,5,216.3
19,2,specialist,7,6,144.4
17,3,general,16,0,66.5
5,4,general,22,4,9.0
20,3,specialist,2,6,98.2
12,3,quick,8,5,13.6
6,3,quick,22,2,1.6
27,1,quick,13,1,101.6
8,1,quick,5,5,25.6
14,3,general,19,0,39.8
1,2,specialist,13,2,7.9
23,3,general,23,5,63.2
11,1,specialist,19,6,165.8
16,2,quick,7,0,27.1
27,3,general,20,5,76.0
3,2,quick,6,5,2.0
26,1,general,8,5,211.5
25,2,specialist,19,3,184.7
12,1,specialist,8,5,179.8
28,3,specialist,14,1,142.1
4,1,quick,18,2,13.1
24,4,general,10,3,62.0
23,4,specialist,6,1,85.8
21,1,quick,6,1,60.1
14,3,specialist,23,5,70.3
19,2,general,15,4,75.9
10,3,quick,8,3,11.1
7,1,general,17,4,73.2
11,1,specialist,17,5,211.1
26,1,quick,17,2,101.9
19,4,general,14,3,40.3
25,1,quick,9,1,76.0
15,2,general,20,5,61.6
9,4,general,8,6,19.6
23,3,quick,6,0,24.4
10,3,general,16,3,33.9
7,3,quick,19,3,10.2
26,1,quick,5,0,87.8
29,2,general,16,5,150.0
27,4,general,12,1,69.6
20,1,specialist,13,6,390.3
25,4,quick,13,0,27.7
13,3,specialist,4,2,64.8
7,4,specialist,2,0,27.6
24,2,general,5,1,98.2
13,2,specialist,23,5,97.7
0,2,quick,17,5,1.2
26,2,specialist,19,1,194.5
0,3,quick,7,0,0.5
27,2,quick,8,4,41.2
23,4,general,18,4,59.0
4,1,quick,19,2,15.1
18,4,general,9,4,33.0
15,3,specialist,11,3,96.9
19,2,specialist,9,1,142.4
29,1,general,15,0,265.6
8,1,specialist,7,4,120.0
6,4,general,16,2,13.9
24,4,specialist,1,2,90.6
11,3,specialist,4,4,54.4
19,4,quick,14,4,15.3
1,2,general,11,1,6.9
9,2,quick,10,0,20.2
26,4,specialist,13,0,143.9
4,4,quick,8,4,5.6
0,2,quick,0,4,0.0
25,2,specialist,4,0,217.2
14,2,general,5,2,54.2
4,4,specialist,2,1,12.1
4,2,quick,2,2,7.3
19,4,quick,12,4,21.9
18,2,specialist,1,3,135.1
20,2,general,12,0,123.5
14,1,quick,13,6,51.9
14,1,specialist,15,5,208.5
14,1,quick,13,5,56.9
29,1,general,16,2,301.4
17,3,specialist,19,6,84.9
4,4,specialist,4,2,18.7
21,1,general,10,4,218.9
24,4,specialist,1,0,102.9
24,3,general,9,3,62.9
17,2,specialist,23,1,126.3
1,4,quick,16,6,0.4
5,3,quick,12,3,7.6
17,3,specialist,3,4,84.6
23,3,quick,11,2,28.4
25,2,general,1,4,99.1
17,2,general,8,0,80.3
23,3,quick,6,0,27.4
11,1,specialist,3,4,169.0
28,1,quick,7,4,81.7
11,4,quick,17,2,11.9
17,4,specialist,9,6,62.7
15,4,specialist,17,6,77.4
2,2,general,19,0,7.7
28,4,quick,2,2,19.3
27,2,quick,1,4,40.4
8,2,general,9,4,34.3
16,3,quick,22,1,17.4
29,4,quick,10,6,27.8
10,1,general,19,3,79.4
12,2,specialist,3,1,87.7
10,2,quick,4,3,15.5
16,3,quick,9,5,13.7
23,1,specialist,10,2,450.8
11,4,specialist,8,4,39.2
26,3,general,7,3,66.2
7,3,specialist,4,2,35.9
8,1,general,14,3,65.0
6,3,quick,14,4,7.3
16,4,specialist,18,0,86.3
10,2,quick,10,6,21.2
17,3,quick,2,5,17.4
14,1,general,21,1,107.5
29,3,quick,9,4,30.0
17,3,specialist,12,6,110.9
27,1,quick,3,3,80.8
11,3,general,5,6,31.8
12,3,quick,0,6,10.4
11,2,general,13,5,56.9
19,2,quick,5,2,27.4
24,1,general,1,6,191.3
7,3,general,0,5,20.2
25,4,general,4,1,51.6
7,3,specialist,3,0,41.3
5,4,quick,6,0,2.7
14,1,general,21,6,112.2
11,4,quick,16,4,6.5
13,2,quick,1,1,22.8
14,1,general,11,2,146.2
22,1,specialist,23,0,377.0
22,4,quick,1,2,11.4
11,1,general,12,6,114.2
19,4,quick,14,2,13.7
18,2,specialist,7,4,135.7
28,3,general,5,2,75.6
9,4,quick,10,2,8.9
2,4,quick,9,0,3.6
12,4,general,11,0,35.1
14,1,general,4,3,114.5
20,3,quick,20,3,20.6
13,2,general,0,3,53.6
23,2,specialist,0,5,172.2
25,3,general,1,1,67.8
22,2,specialist,22,1,164.6
16,4,specialist,4,6,59.4
21,3,specialist,8,3,106.2
18,2,quick,11,6,36.2
28,3,quick,4,2,28.3
9,4,specialist,11,2,42.4
16,3,specialist,21,5,79.9
22,4,specialist,14,0,91.9
9,2,quick,11,1,14.1
14,1,quick,21,4,44.5
3,1,specialist,18,6,59.3
21,2,quick,14,5,34.2
29,2,quick,8,1,42.7
5,4,general,7,0,10.6
4,3,quick,3,4,5.4
21,1,general,4,5,168.0
5,3,specialist,13,4,31.1
11,1,quick,15,5,34.4
22,1,specialist,1,6,329.5
2,3,general,17,5,6.7
22,2,general,17,1,114.1
28,2,specialist,12,2,274.6
16,3,quick,14,1,18.0
4,3,general,2,2,11.6
2,2,quick,10,5,3.9
12,3,general,18,3,40.8
20,1,general,5,2,157.4
8,3,specialist,16,2,49.4
29,3,general,16,6,96.7
18,2,quick,7,4,29.0
22,3,general,18,3,77.4
21,1,quick,12,5,78.9
25,1,specialist,6,6,376.5
28,1,quick,22,2,86.3
2,4,quick,2,6,2.4
6,2,specialist,7,1,43.4
21,4,specialist,17,6,102.9
17,3,specialist,7,4,84.7
8,1,quick,12,6,32.0
3,2,general,1,3,10.3
13,3,specialist,7,1,65.9
15,1,general,22,6,118.5
2,2,specialist,7,0,15.3
17,1,general,16,1,181.3
1,1,quick,4,0,2.3
13,2,quick,16,5,21.6
15,2,specialist,2,0,130.0
1,4,general,17,1,3.7
26,3,quick,17,6,37.4
26,1,quick,19,2,78.2
20,1,quick,11,5,81.1
14,4,specialist,16,3,69.6
22,4,quick,7,3,17.6
14,4,quick,9,1,13.5
2,3,quick,21,2,0.9
7,2,general,20,0,35.4
9,2,specialist,15,5,65.3
28,3,general,13,5,96.7
26,2,specialist,11,1,254.7
28,4,quick,20,0,27.0
1,3,general,3,5,5.0
14,3,specialist,22,3,73.2
28,4,specialist,2,6,102.7
3,3,specialist,8,5,15.3
6,1,quick,4,1,18.4
13,4,specialist,3,5,54.1
23,1,general,0,0,213.1
14,3,quick,11,4,21.7
26,2,general,9,0,122.1
3,1,quick,7,0,10.6
29,1,quick,3,4,88.0
24,1,quick,12,1,91.2
1,3,general,21,6,4.1
1,1,quick,21,2,2.4
23,2,quick,2,0,39.1
22,2,general,17,4,114.3
7,4,quick,8,4,2.7
0,1,specialist,11,1,2.8
16,2,quick,8,3,21.7
10,4,specialist,15,5,39.2
28,4,specialist,19,2,105.3
6,1,specialist,19,4,92.6
14,1,specialist,12,3,269.9
2,4,general,10,6,4.1
29,2,specialist,19,2,217.3
20,2,general,22,0,95.2
29,4,quick,9,0,24.8
16,1,specialist,21,4,238.8
3,3,quick,19,3,2.4
25,1,specialist,13,5,489.2
22,3,general,6,6,60.8
2,4,quick,19,5,2.1
22,1,quick,6,3,65.7
17,2,quick,12,6,34.5
7,2,general,17,1,37.4
19,2,general,16,3,95.7
28,2,specialist,7,4,212.1
23,4,specialist,6,3,85.6
25,2,quick,3,6,31.9
3,3,specialist,15,4,12.9
22,4,specialist,16,6,108.9
14,1,specialist,15,6,211.2
19,1,general,17,6,194.6
10,4,specialist,21,5,36.4
11,1,general,9,2,88.2
18,4,specialist,6,0,77.5
25,3,quick,2,5,26.3
25,4,specialist,13,2,122.3
4,3,specialist,6,6,22.8
7,4,specialist,3,2,28.6
7,2,general,20,4,30.7
29,1,quick,17,1,112.9
15,1,quick,5,6,44.2
3,1,quick,1,2,7.4
21,3,quick,8,4,21.4
2,1,specialist,4,5,30.4
21,4,specialist,23,6,79.1
6,2,quick,3,6,6.8
17,3,specialist,12,1,106.2
22,4,specialist,7,1,82.1
28,2,quick,5,0,49.2
7,4,general,16,0,22.5
13,3,specialist,7,6,64.0
27,1,quick,9,3,80.4
12,2,specialist,9,2,90.5
20,3,quick,16,1,27.8
20,4,general,14,3,42.2
13,1,general,18,2,133.0
0,3,general,12,0,0.0
7,2,quick,16,2,13.0
8,2,general,1,1,30.3
24,4,quick,5,1,19.9
25,4,general,6,5,51.1
6,3,specialist,19,0,31.2
10,3,general,18,3,34.8
9,2,quick,16,6,18.5
1,2,quick,22,6,4.2
3,2,quick,0,1,1.1
1,2,quick,16,3,0.0
20,2,general,22,1,79.2
25,4,general,4,3,51.6
20,1,specialist,19,1,301.6
10,2,general,9,0,44.1
20,2,general,20,4,81.3
19,2,quick,3,4,31.2
5,1,specialist,18,0,113.9
16,4,quick,19,0,16.9
15,1,general,6,0,137.1
5,3,specialist,21,6,25.1
10,1,quick,21,2,31.4
15,1,quick,7,6,47.5
10,1,quick,14,3,32.0
13,2,general,15,6,51.5
29,3,general,21,3,78.0
27,4,general,8,0,61.0
29,4,general,19,3,58.6
3,1,general,12,0,38.0
25,2,quick,10,1,48.6
27,1,general,3,0,245.7
28,3,general,3,5,71.8
19,3,quick,23,3,18.2
24,4,quick,1,4,21.1
15,1,general,19,3,123.8
4,1,quick,22,4,8.9
6,2,quick,7,6,8.5
17,2,specialist,17,5,166.3
25,2,specialist,9,6,188.2
7,1,specialist,17,4,138.3
14,3,specialist,16,5,86.6
5,3,quick,19,6,5.9
15,4,specialist,7,6,57.5
7,4,quick,17,4,6.9
23,2,specialist,10,5,226.5
23,4,specialist,12,0,129.8
1,1,quick,3,6,5.1
7,2,quick,16,4,15.6
0,3,general,22,3,0.0
8,2,specialist,16,3,79.2
26,2,general,3,6,103.9
23,1,specialist,1,2,346.1
8,3,quick,2,0,6.7
27,3,quick,3,3,25.0
4,2,quick,10,2,6.2
11,3,quick,18,2,17.8
29,4,specialist,14,4,110.9
17,2,quick,4,5,25.0
22,4,quick,4,6,17.2
3,2,quick,20,0,5.9
16,3,specialist,12,1,105.7
24,3,quick,23,1,23.2
29,1,general,23,6,234.6
9,3,specialist,9,4,43.8
26,4,specialist,21,3,98.6
13,1,quick,8,2,38.2
28,4,general,21,1,56.5
28,4,specialist,4,1,105.5
4,3,quick,1,3,3.1
11,3,quick,20,3,12.7
16,1,general,20,1,129.6
16,3,general,3,2,43.4
19,1,specialist,5,0,324.2
26,4,general,22,6,51.5
22,4,specialist,20,4,80.9
10,1,quick,3,6,28.9
21,1,general,14,1,167.2
21,4,specialist,21,0,92.0
14,1,quick,2,4,44.9
29,2,general,10,0,173.7
10,1,quick,17,0,43.5
7,2,general,1,5,26.3
28,1,quick,17,6,109.4
21,3,specialist,1,6,101.2
29,1,quick,17,6,115.0
1,3,specialist,22,1,3.6
13,3,general,6,2,33.7
9,1,general,15,2,72.5
6,3,general,14,1,16.6
27,3,specialist,22,5,136.0
5,3,general,3,1,10.5
18,1,quick,1,2,54.7
11,3,quick,16,1,16.9
12,2,quick,0,5,13.9
18,3,quick,21,2,19.7
7,1,specialist,17,0,156.9
16,3,specialist,9,0,91.6
9,1,quick,0,4,26.2
5,1,general,13,4,50.9
18,1,quick,2,1,53.2
3,1,general,10,1,30.9
7,2,specialist,17,0,77.6
1,4,specialist,18,6,3.3
19,4,general,9,0,45.7
29,3,specialist,14,3,144.9
26,2,quick,9,5,37.4
29,1,specialist,10,5,564.6
10,2,specialist,2,3,73.1
23,4,general,18,4,60.9
0,4,general,9,1,2.4
29,3,quick,5,2,27.3
25,2,specialist,9,3,188.0
4,3,general,20,0,13.7
6,3,specialist,16,4,40.7
7,3,quick,6,5,6.6
0,2,specialist,9,5,0.0
13,4,quick,2,5,12.0
5,1,specialist,4,3,71.9
23,3,specialist,17,5,151.9
25,3,general,12,3,83.5
7,1,quick,22,6,23.4
4,2,specialist,18,4,39.4
28,1,general,2,2,226.2
24,3,general,22,4,65.0
16,2,specialist,5,0,139.6
28,1,quick,7,0,96.5
22,3,general,20,0,67.8
6,3,quick,19,0,8.7
23,3,specialist,2,2,113.3
29,1,specialist,14,1,439.1
24,3,general,5,5,62.1
7,4,quick,16,6,6.7
29,1,general,7,0,264.3
24,2,quick,3,4,34.7
13,4,general,10,3,34.9
6,2,specialist,7,3,49.6
3,1,specialist,15,0,51.8
7,3,general,6,0,23.6
6,1,quick,2,0,18.5
22,3,specialist,13,3,145.4
14,1,general,11,0,166.8
9,1,general,11,0,108.1
7,1,specialist,14,1,102.6
10,4,general,20,6,20.5
6,1,specialist,23,5,93.3
14,2,quick,15,2,23.0
27,2,quick,3,3,42.5
21,2,specialist,5,0,179.6
9,3,specialist,2,0,52.1
25,4,specialist,9,2,93.7
18,2,quick,16,2,34.6
14,3,quick,15,5,12.4
1,4,quick,5,6,0.1
21,4,general,20,1,43.5
29,2,specialist,6,5,216.2
9,1,general,2,6,67.6
24,2,general,22,6,95.7
20,2,quick,22,1,29.4
14,4,general,22,0,30.7
6,2,quick,23,6,8.4
4,4,quick,12,0,2.8
17,1,general,8,3,136.7
21,3,quick,10,0,32.6
5,3,quick,19,1,5.1
10,2,specialist,8,1,77.4
1,3,quick,8,3,0.0
7,1,general,8,0,64.6
0,2,general,19,2,1.2
1,3,general,15,6,2.7
0,4,specialist,1,0,5.5
7,4,general,3,3,15.1
6,1,general,9,3,48.1
16,4,general,11,6,45.6
17,2,quick,0,2,30.1
4,2,quick,18,2,6.3
29,4,quick,14,3,22.5
18,1,quick,11,1,72.2
23,1,general,12,4,241.4
4,2,general,5,0,20.1
20,2,specialist,10,6,200.6
3,3,general,9,0,9.2
11,2,specialist,5,4,83.7
16,1,specialist,3,6,237.9
22,1,general,14,3,176.7
14,4,specialist,19,1,57.5
0,2,specialist,19,3,0.0
28,3,quick,17,5,37.4
6,2,quick,21,2,7.7
6,3,specialist,21,0,38.8
21,3,general,17,0,85.8
21,3,general,8,2,55.1
15,2,specialist,6,5,112.0
2,4,specialist,3,3,6.5
23,3,quick,4,1,20.4
23,2,specialist,1,1,173.6
29,3,quick,11,2,41.8
1,3,quick,11,4,1.5
12,2,quick,10,4,23.3
18,4,specialist,18,1,90.7
17,4,specialist,22,4,63.9
0,4,general,22,6,0.0
22,4,quick,12,1,24.9
22,2,specialist,20,6,165.7
29,4,general,9,2,57.8
20,1,general,3,4,162.4
21,1,general,22,2,168.3
4,2,specialist,5,5,28.7
22,4,general,23,6,46.0
28,3,general,20,2,76.9
18,2,general,10,2,97.3
20,3,specialist,5,4,102.2
21,2,specialist,19,5,158.8
13,2,general,16,6,68.8
12,1,quick,8,2,40.0
20,2,quick,23,2,32.1
4,4,specialist,2,2,14.3
12,4,specialist,23,2,46.3
24,2,specialist,17,1,234.7
15,4,quick,15,5,15.3
3,4,quick,2,5,5.9
16,1,specialist,8,2,239.4
27,1,specialist,7,5,406.1
21,4,specialist,16,4,103.0
8,2,general,11,5,44.1
21,4,quick,3,1,15.7
18,2,general,8,4,70.9
3,4,specialist,10,4,15.3
9,1,quick,20,0,30.4
28,4,specialist,1,3,103.9
11,4,general,7,1,22.5
19,1,general,22,4,150.0
14,2,quick,12,6,25.8
6,2,specialist,18,2,60.9
28,2,general,21,3,114.6
23,2,quick,16,4,45.2
11,2,general,3,5,42.3
20,4,quick,5,5,14.0
14,3,quick,15,6,12.8
3,1,general,5,6,24.7
11,4,quick,13,6,12.8
5,2,quick,21,3,11.1
19,1,general,14,5,153.1
15,1,specialist,18,2,294.2
10,2,specialist,17,2,95.9
27,3,specialist,2,2,133.1
28,3,specialist,6,1,139.1
18,3,specialist,21,0,103.6
8,1,specialist,11,0,178.0
8,4,general,3,3,16.9
9,4,quick,17,0,10.5
2,4,specialist,23,2,11.2
18,4,general,18,1,48.0
4,3,specialist,14,4,21.6
25,1,specialist,13,4,489.9
29,2,general,16,5,151.2
24,3,specialist,3,0,137.3
22,3,quick,0,3,23.7
28,2,general,19,5,113.3
3,1,specialist,7,0,49.3
19,4,general,19,2,41.7
1,3,general,6,0,3.7
10,2,quick,21,5,17.5
9,2,general,17,1,46.9
14,2,general,23,1,56.2
20,4,general,19,6,42.8
17,3,quick,13,2,22.5
5,1,specialist,5,4,76.1
6,3,general,12,2,20.6
13,1,quick,0,0,43.8
20,2,specialist,21,2,151.3
3,3,general,17,6,10.6
26,2,quick,19,0,44.5
16,4,specialist,21,6,61.5
21,2,quick,11,5,40.1
25,4,specialist,19,5,91.6
11,4,specialist,12,6,52.7
26,2,quick,2,5,37.8
8,3,specialist,16,6,50.3
0,1,quick,18,0,0.0
6,3,specialist,0,2,27.6
5,3,general,2,2,14.5
21,2,quick,16,6,39.8
25,1,general,23,4,201.1
22,3,general,10,4,71.3
24,1,quick,13,2,92.3
11,4,quick,20,0,9.1
15,2,general,14,1,61.5
1,1,general,14,3,9.2
1,3,general,9,0,3.5
17,3,quick,5,3,21.2
14,3,specialist,0,3,67.6
9,3,quick,22,5,6.5
24,1,general,11,6,252.2
11,4,specialist,19,0,48.1
29,1,general,9,1,233.3
5,2,quick,18,2,8.8
4,2,quick,14,4,7.3
18,2,quick,11,3,34.9
13,1,quick,19,0,45.1
21,1,specialist,21,2,317.7
27,2,specialist,7,4,204.4
11,3,general,5,3,30.6
27,2,general,18,4,137.8
20,2,general,3,5,80.6
23,3,general,6,1,62.4
20,4,specialist,8,6,78.3
1,2,general,17,3,4.4
14,3,quick,13,4,15.2
28,2,general,0,0,127.7
20,1,general,5,5,162.0
29,1,general,3,2,231.8
19,3,specialist,14,5,93.6
2,4,specialist,14,3,7.6
19,1,specialist,13,2,372.3
9,4,general,1,2,17.3
19,3,general,6,1,52.5
25,2,specialist,23,1,187.8
20,3,general,9,0,61.7
11,1,quick,3,5,33.2
19,3,quick,6,5,19.8
6,3,general,9,1,17.1
25,4,specialist,11,1,125.7
9,3,specialist,22,0,51.4
6,3,quick,16,0,5.6
17,4,general,2,4,36.2
29,1,quick,10,3,114.0
14,1,general,11,6,145.1
7,1,specialist,20,1,105.5
25,2,quick,2,5,40.4
21,1,quick,3,4,61.2
8,4,specialist,12,3,41.4
27,3,quick,5,2,23.7
24,4,general,20,0,54.6
2,2,quick,1,1,2.0
11,3,specialist,7,3,55.7
28,4,specialist,14,5,104.4
28,2,quick,13,2,55.7
12,4,quick,13,5,14.6
23,1,quick,2,4,67.5
17,4,general,2,4,35.4
14,1,specialist,19,5,212.1
6,3,general,5,2,12.0
13,1,general,12,0,153.7
3,1,general,15,1,24.1
7,2,general,13,3,37.3
14,2,quick,9,2,21.4
6,2,general,14,0,28.0
29,1,quick,11,6,112.8
1,2,specialist,7,5,9.3
10,3,specialist,22,4,48.0
0,1,general,7,6,0.7
1,2,quick,14,3,1.2
14,4,specialist,22,0,59.2
17,2,general,5,1,69.8
5,4,quick,9,5,8.4
20,1,quick,18,1,79.9
1,2,general,14,1,7.6
18,1,specialist,22,2,271.2
28,2,general,23,0,130.6
11,1,quick,22,4,34.6
8,2,specialist,5,5,59.9
21,2,general,4,4,83.8
13,2,general,2,3,50.7
15,1,general,5,0,137.6
2,3,quick,1,0,8.1
6,3,general,6,1,17.0
10,2,quick,19,5,15.0
11,4,specialist,8,0,47.4
26,2,specialist,5,1,197.2
27,4,specialist,14,0,113.9
17,2,general,7,1,67.7
2,4,quick,0,3,3.3
19,3,specialist,11,1,123.3
1,2,specialist,8,2,6.3
17,4,general,16,4,44.5
29,2,general,18,5,151.0
6,3,general,1,4,14.0
19,3,general,21,2,49.7
5,2,quick,10,6,7.2
2,2,specialist,3,6,14.3
9,1,quick,18,2,34.1
2,2,general,14,6,6.1
3,2,quick,10,1,4.9
13,4,general,19,4,23.9
14,4,general,13,4,34.4
22,4,specialist,18,2,105.7
28,1,specialist,13,1,545.6
24,1,specialist,20,1,361.5
15,1,specialist,21,0,261.8
29,3,specialist,1,4,147.7
0,4,general,20,4,0.0
12,1,specialist,8,6,180.0
8,2,specialist,15,0,70.0
5,3,specialist,3,1,25.4
7,2,quick,8,2,10.7
25,1,general,0,4,196.1
9,1,general,23,4,69.9
7,1,general,5,0,62.8
18,1,specialist,7,2,268.1
12,2,specialist,13,5,115.7
14,1,quick,20,3,39.9
1,2,general,12,3,3.5
5,4,general,23,4,12.0
7,1,specialist,8,1,109.7
22,1,specialist,14,0,379.7
9,2,general,16,1,47.4
16,4,specialist,5,2,61.8
22,2,specialist,20,1,161.8
12,4,quick,5,0,11.1
9,1,general,17,6,97.0
3,4,quick,14,3,0.0
6,1,general,1,6,47.6
27,1,specialist,11,2,525.9
5,1,general,0,0,45.3
26,1,general,1,0,240.3
12,2,quick,17,4,22.5
9,1,specialist,14,5,135.4
26,1,specialist,13,0,579.3
8,2,specialist,21,5,63.0
7,4,general,5,5,12.6
14,2,quick,20,1,20.2
12,4,quick,6,2,9.9
22,2,quick,17,6,46.0
4,3,general,7,2,15.9
20,2,specialist,2,6,151.9
1,1,specialist,11,3,23.1
27,3,specialist,10,4,172.4
3,4,general,20,0,3.9
13,3,specialist,5,1,63.4
13,3,general,11,5,45.5
6,1,quick,21,2,21.9
3,1,general,20,6,22.6
17,2,general,16,3,86.4
1,4,general,7,2,3.6
26,2,specialist,1,1,192.8
26,3,specialist,17,3,171.3
29,3,general,19,4,75.2
3,4,quick,8,1,2.3
5,2,quick,15,2,7.8
3,2,quick,3,2,5.4
12,2,quick,18,3,21.3
29,3,quick,9,4,28.6
14,3,general,16,1,45.7
1,4,specialist,5,1,2.3
25,2,quick,0,0,44.7
2,2,quick,0,2,6.5
27,1,specialist,23,4,403.9
27,4,general,22,4,55.2
23,4,general,18,3,62.7
11,2,specialist,21,4,78.9
17,1,quick,22,6,49.5
15,2,specialist,10,3,144.6
10,3,quick,22,2,12.6
27,2,quick,7,2,43.1
28,4,specialist,15,3,104.4
0,2,specialist,13,1,0.0
10,4,specialist,8,0,43.8
9,3,quick,3,4,7.6
7,4,quick,5,0,4.1
20,1,quick,0,6,53.5
26,1,quick,1,2,79.9
27,4,quick,17,4,26.6
7,4,general,11,0,20.3
26,1,specialist,6,0,448.4
6,2,specialist,3,5,46.3
2,1,quick,7,5,8.1
14,4,specialist,20,6,54.4
25,3,quick,15,1,25.9
12,1,general,4,2,100.4
27,4,quick,19,1,19.5
18,4,specialist,1,3,71.5
15,1,general,9,0,138.4
28,4,general,23,3,54.5
21,1,quick,10,6,84.8
9,2,general,3,5,41.7
4,1,specialist,22,0,71.7
8,3,general,13,6,27.2
27,2,specialist,13,1,262.3
25,3,general,13,0,103.5
12,2,specialist,18,6,116.6
23,2,general,17,6,121.9
13,3,general,16,5,45.0
5,3,specialist,9,1,23.9
10,4,general,14,6,22.1
5,3,general,0,2,11.4
8,2,quick,14,6,11.9
26,4,quick,7,5,20.3
5,3,general,8,0,14.3
17,3,quick,19,1,16.4
15,1,general,13,6,158.1
23,1,specialist,13,5,448.7
9,2,specialist,2,0,79.2
14,3,general,21,3,35.1
4,1,quick,1,6,11.5
6,4,general,0,6,14.3
1,4,quick,17,1,2.8
17,3,quick,5,0,22.2
1,1,general,22,4,8.0
4,2,general,23,1,15.1
3,1,quick,12,4,11.7
0,4,specialist,9,2,2.8
2,3,quick,16,1,0.0
17,2,specialist,9,5,126.7
26,1,general,22,0,242.2
9,1,general,20,2,69.5
1,2,specialist,13,1,10.7
21,4,quick,4,0,18.3
15,1,general,13,4,155.1
7,4,quick,5,1,5.1
25,2,quick,8,6,39.3
14,2,specialist,18,4,135.8
14,1,general,15,3,114.2
27,2,specialist,13,2,258.5
16,1,general,22,3,126.5
22,2,specialist,16,0,250.1
6,2,quick,14,0,9.8
7,2,quick,6,4,14.0
22,1,general,14,6,171.1
22,1,quick,9,0,77.3
29,2,general,7,2,115.2
28,1,quick,18,2,110.6
4,1,quick,7,4,11.3
21,1,specialist,11,2,410.9
12,3,specialist,5,6,65.4
25,3,general,19,0,74.9
27,2,quick,18,3,50.7
21,2,quick,22,4,31.2
13,2,general,9,3,49.7
24,3,specialist,16,5,156.2
15,3,general,2,6,41.5
11,1,specialist,17,6,214.6
24,2,general,7,2,94.1
0,3,quick,7,1,1.9
3,2,quick,8,4,4.9
15,1,general,20,4,119.5
28,2,specialist,16,6,272.7
4,4,specialist,5,4,15.1
8,2,general,6,1,31.8
10,4,quick,1,2,4.6
4,3,general,17,4,15.5
12,1,quick,1,2,38.5
19,3,general,6,1,52.2
18,3,general,15,2,47.2
8,1,specialist,8,2,120.4
0,3,general,9,6,0.0
5,3,specialist,3,6,29.3
27,2,quick,4,4,39.9
18,1,quick,3,1,55.4
0,3,specialist,9,5,0.0
22,2,general,15,6,86.3
14,3,general,6,2,38.1
5,4,general,2,4,8.3
2,1,quick,14,3,7.6
21,4,specialist,9,3,78.5
22,2,specialist,2,2,166.7
9,3,specialist,20,4,46.3
14,2,general,5,0,65.0
18,3,general,4,4,47.3
16,2,specialist,9,6,124.6
18,1,specialist,2,4,268.4
8,2,specialist,15,0,67.6
24,1,specialist,1,4,356.8
29,1,specialist,21,2,435.6
23,1,general,14,0,209.9
21,3,general,0,0,64.3
21,3,specialist,16,1,138.9
18,1,specialist,17,3,354.2
22,1,quick,17,2,85.5
1,4,general,21,4,0.8
17,3,general,2,3,47.4
23,4,specialist,7,0,98.8
16,1,general,12,3,163.7
23,4,specialist,0,4,82.5
12,4,specialist,18,2,59.6
13,2,general,8,3,54.2
22,2,specialist,2,3,164.1
10,2,general,17,2,50.8
21,4,quick,20,3,13.9
12,3,specialist,16,5,76.9
10,1,general,5,1,79.6
14,1,quick,15,2,44.8
12,1,quick,16,6,44.5
13,1,specialist,16,5,251.1
15,2,specialist,12,5,141.3
23,2,specialist,15,5,168.7
26,1,specialist,5,1,391.7
15,2,general,10,5,75.5
18,4,specialist,23,0,79.6
22,1,general,18,1,230.1
9,2,quick,14,2,14.5
19,3,quick,18,0,28.9
18,2,general,17,0,106.6
4,2,general,10,0,23.0
22,3,quick,11,3,26.5
25,4,specialist,18,0,139.4
22,1,specialist,20,6,331.5
29,1,quick,7,5,90.2
12,4,quick,23,6,8.5
25,2,general,6,0,118.6
3,1,quick,2,3,8.3
12,1,specialist,0,5,179.0
25,3,specialist,21,6,124.2
26,4,specialist,11,1,126.2
18,3,quick,5,5,19.9
16,4,general,10,4,43.9
6,3,quick,2,5,5.4
25,2,general,18,2,132.3
26,3,quick,20,0,32.0
8,3,general,1,5,21.5
14,4,general,6,6,24.5
6,4,specialist,8,2,26.3
11,1,specialist,6,1,163.7
24,2,specialist,2,6,181.2
5,4,quick,7,3,3.8
6,1,specialist,1,4,93.5
6,3,quick,22,2,6.7
25,1,quick,12,2,92.0
0,1,general,11,6,0.0
10,3,quick,13,2,13.6
12,1,quick,6,0,44.1
14,2,specialist,1,2,105.8
14,2,quick,2,6,22.0
13,1,quick,22,1,42.8
21,3,specialist,20,2,105.7
1,4,general,21,1,6.3
22,2,quick,7,5,32.3
8,1,general,11,0,94.1
18,4,quick,10,5,21.4
19,1,specialist,9,4,285.1
16,2,quick,18,5,30.8
25,3,general,23,5,66.1
22,2,quick,2,5,32.1
7,2,specialist,0,3,48.6
23,3,quick,15,2,22.1
17,4,general,3,1,31.4
21,3,quick,17,6,26.7
4,3,quick,18,0,3.1
10,1,quick,18,6,43.2
21,2,general,15,3,82.9
20,4,quick,2,6,13.5
4,4,quick,4,2,4.6
26,3,general,1,2,69.4
18,1,general,8,5,140.7
10,3,quick,9,0,12.9
2,1,general,16,5,20.9
15,4,quick,11,4,19.3
16,4,quick,3,4,10.6
20,3,specialist,11,1,129.8
27,3,quick,17,0,38.6
28,4,quick,11,0,34.8
15,3,quick,20,4,16.5
8,3,specialist,18,1,54.8
9,1,general,13,6,93.1
18,1,general,11,3,185.6
15,4,specialist,11,4,72.0
8,2,quick,18,5,11.6
10,3,specialist,10,2,62.4
29,4,specialist,18,4,143.9
15,3,specialist,21,4,74.5
26,2,general,20,0,119.2
20,4,quick,14,6,18.4
21,3,specialist,17,4,133.5
28,2,specialist,8,6,210.7
13,2,general,10,5,69.6
9,4,general,18,2,25.4
1,2,quick,1,4,7.3
20,4,quick,4,6,15.2
2,3,specialist,14,3,8.4
24,1,general,10,0,286.1
5,4,general,13,3,14.0
4,1,specialist,18,2,80.8
23,2,specialist,3,6,171.4
24,3,general,0,2,65.2
10,1,quick,6,2,30.6
5,3,quick,8,0,5.3
0,4,specialist,3,1,0.0
19,4,quick,2,4,12.3
19,2,general,20,4,73.0
21,4,general,2,4,44.1
13,4,general,6,0,31.9
0,1,quick,0,2,0.0
14,1,general,8,4,113.2
15,2,specialist,6,5,111.6
26,2,quick,4,3,40.9
0,4,specialist,7,2,0.1
21,4,specialist,9,1,79.2
23,2,specialist,15,6,172.4
11,2,general,23,1,42.6
24,4,quick,6,0,18.2
21,4,general,5,6,41.3
0,4,quick,7,6,0.0
10,2,general,21,5,39.0
3,2,quick,17,4,6.6
7,1,specialist,3,2,102.5
2,3,specialist,22,3,7.7
23,1,quick,20,0,80.6
19,1,specialist,7,2,283.8
6,3,quick,5,5,2.6
11,2,specialist,13,2,107.9
11,2,general,14,2,47.8
28,1,general,7,5,227.4
1,1,general,11,2,12.1
24,1,general,7,5,192.3
22,3,general,5,3,57.9
12,4,general,20,5,22.7
20,4,quick,13,0,19.3
21,4,specialist,1,2,77.5
15,1,general,6,1,122.2
21,1,specialist,4,6,316.5
10,4,general,4,5,19.4
11,4,quick,11,6,11.6
9,2,general,22,5,37.0
18,2,quick,0,3,26.9
17,2,general,0,6,63.1
3,4,general,14,1,5.5
23,3,quick,9,0,24.6
22,3,specialist,13,5,145.4
18,3,quick,23,1,16.6
11,3,specialist,18,5,69.3
17,3,specialist,3,6,86.1
9,4,specialist,7,1,30.1
24,1,specialist,4,0,416.3
25,3,specialist,19,0,146.2
13,4,general,9,1,27.2
10,4,general,15,0,21.9
15,2,quick,15,1,20.3
13,4,general,4,4,30.8
1,1,specialist,20,4,18.0
4,2,general,6,6,15.3
20,4,general,8,4,41.8
26,4,specialist,9,3,94.6
7,4,quick,18,6,2.3
16,4,quick,8,5,11.2
4,1,specialist,15,1,61.5
24,1,quick,12,6,93.8
2,3,specialist,4,2,9.0
1,1,general,13,6,10.2
24,2,quick,13,0,56.0
3,4,specialist,16,2,11.8
21,4,quick,1,0,21.2
10,2,general,9,0,45.8
10,2,general,19,6,41.6
8,3,quick,3,4,7.3
0,3,quick,4,5,0.0
23,2,quick,15,3,31.0
23,4,general,12,5,60.8
22,3,specialist,13,2,144.0
15,4,quick,11,3,11.7
27,4,specialist,18,3,132.5
29,4,general,21,0,67.6
23,2,specialist,23,1,173.3
6,3,specialist,1,4,29.6
29,4,quick,3,4,23.3
14,4,quick,1,2,10.5
15,3,general,15,3,43.2
26,3,general,12,4,88.3
18,1,quick,14,2,52.1
16,1,specialist,18,5,314.7
27,1,general,13,6,279.8
9,1,specialist,12,4,177.1
17,4,specialist,2,3,62.0
25,1,quick,22,0,88.5
18,4,general,6,0,40.7
24,4,specialist,11,0,137.0
8,4,general,20,3,16.0
19,3,specialist,6,3,96.4
23,1,quick,8,5,66.5
27,4,general,23,5,54.3
10,1,general,21,3,79.6
5,4,specialist,15,0,21.7
19,2,specialist,20,3,142.3
14,4,specialist,22,1,53.0
19,4,general,20,0,43.9
7,3,specialist,14,4,38.5
28,1,quick,13,3,109.1
28,2,specialist,15,2,211.5
21,2,general,13,5,110.4
18,4,quick,15,3,14.4
14,4,quick,14,0,13.3
4,2,general,16,4,21.5
3,4,specialist,6,4,11.1
14,4,general,20,5,27.0
11,2,general,18,5,57.3
8,4,quick,18,3,2.9
2,3,general,4,5,3.5
14,3,general,19,0,39.5
27,2,general,7,5,111.3
14,1,general,12,5,150.0
21,1,specialist,22,5,314.4
0,4,quick,4,6,3.1
27,4,general,0,2,52.9
2,2,specialist,20,2,12.2
1,2,specialist,11,1,9.7
3,4,general,15,4,2.7
2,2,specialist,10,6,21.2
18,1,general,4,0,163.2
27,2,quick,3,2,42.2
13,1,general,22,0,120.7
0,3,quick,23,4,0.0
4,3,specialist,3,1,20.9
2,3,general,4,4,7.2
6,4,general,5,0,16.1
1,3,general,8,2,4.8
20,3,specialist,2,5,97.8
6,1,general,6,1,47.9
20,4,quick,3,2,10.6
7,4,quick,13,2,5.6
25,1,quick,6,1,75.8
23,3,general,5,2,58.7
8,2,specialist,12,0,90.4
3,3,general,0,0,7.6
6,2,specialist,22,1,45.0
8,4,specialist,23,1,33.2
29,4,specialist,7,3,106.7
3,4,specialist,17,3,15.2
5,3,specialist,23,6,22.9
14,4,specialist,20,4,52.8
24,1,specialist,14,6,360.3
2,2,quick,22,4,0.8
10,2,quick,3,0,17.4
2,1,specialist,21,1,26.6
9,1,general,21,4,71.6
20,2,specialist,20,0,171.5
16,4,specialist,13,5,78.1
6,3,specialist,9,2,32.0
1,2,general,7,5,5.7
21,1,quick,9,6,64.6
13,1,specialist,11,6,252.4
23,4,general,15,2,45.7
9,3,general,5,0,26.5
14,1,general,18,3,141.7
29,1,quick,20,5,84.1
17,1,specialist,12,1,334.8
24,2,quick,3,2,35.7
3,3,specialist,18,0,25.2
26,4,quick,22,1,19.3
23,4,general,14,6,45.0
16,1,quick,11,1,60.8
28,3,specialist,15,6,141.5
29,4,quick,20,5,23.6
24,1,quick,21,6,74.3
7,2,general,3,6,27.1
10,3,specialist,3,1,49.9
20,3,general,8,0,58.6
11,1,quick,2,0,38.1
20,2,quick,16,4,40.8
3,3,specialist,15,1,16.5
6,1,specialist,8,6,89.0
19,4,specialist,23,3,70.4
10,3,general,18,6,32.8
7,3,quick,20,3,6.8
14,2,specialist,12,0,155.1
1,3,general,20,4,1.5
15,2,general,19,0,72.3
15,4,general,10,6,40.7
13,1,general,0,4,100.5
26,3,specialist,1,2,130.2
19,4,quick,4,5,15.7
11,1,general,9,6,89.6
21,3,specialist,9,3,106.3
24,2,quick,10,5,47.9
9,1,specialist,3,6,137.6
10,1,general,1,6,81.7
22,2,specialist,0,4,160.4
21,1,general,8,0,194.9
28,4,specialist,14,3,104.5
14,3,specialist,4,4,69.0
8,1,general,8,0,75.5
1,4,general,3,4,0.0
29,3,general,0,2,75.8
16,4,quick,9,0,11.1
16,2,quick,16,3,27.7
5,1,quick,18,1,19.6
1,3,general,17,6,2.7
22,1,general,16,4,229.3
24,4,specialist,8,2,93.8
25,4,quick,11,6,21.4
23,1,quick,9,5,67.6
9,4,quick,6,6,7.9
12,2,general,9,5,45.4
5,2,specialist,11,5,50.2
22,4,specialist,13,6,107.6
16,2,general,0,2,63.7
28,4,specialist,18,0,159.2
20,3,quick,17,5,26.2
2,2,specialist,18,4,18.8
24,4,quick,8,0,22.0
11,1,specialist,16,2,217.8
0,1,specialist,7,4,0.0
12,4,specialist,17,6,59.0
2,1,quick,9,0,8.9
9,2,general,1,2,39.0
25,1,quick,22,3,73.2
0,3,specialist,21,6,2.0
29,2,specialist,20,6,219.6
24,2,quick,14,3,37.6
18,2,specialist,17,1,173.7
26,2,quick,19,3,43.2
16,1,specialist,15,5,240.1
16,4,general,20,0,37.4
19,2,quick,18,0,44.0
8,4,specialist,19,4,33.4
2,1,specialist,21,2,26.0
21,2,specialist,7,0,179.4
17,3,general,5,6,46.4
22,4,general,7,6,47.8
25,4,general,14,4,50.5
19,1,general,15,6,153.6
11,2,general,9,1,44.0
27,2,specialist,18,3,261.7
17,4,quick,12,0,18.6
9,4,quick,21,1,5.2
17,4,quick,8,3,15.3
24,3,general,12,0,93.5
14,4,specialist,22,4,51.8
16,3,general,12,6,55.3
13,3,quick,21,2,12.4
29,3,specialist,11,0,218.5
23,4,quick,8,5,17.9
5,1,general,11,2,52.4
17,1,specialist,14,3,254.4
20,4,specialist,2,0,86.5
21,4,specialist,14,2,78.3
3,4,quick,1,5,5.2
21,4,general,6,5,44.0
22,4,specialist,13,3,105.1
8,1,quick,0,4,26.0
0,1,specialist,5,6,1.6
0,2,quick,14,0,0.0
6,3,general,3,4,19.1
1,2,general,4,3,2.8
2,4,specialist,13,1,11.0
28,2,general,22,2,111.4
1,1,general,2,2,8.3
27,1,general,11,2,282.1
4,1,specialist,8,5,61.5
3,3,specialist,12,5,13.3
26,4,general,9,6,52.5
14,1,specialist,2,5,208.4
1,1,quick,11,0,5.1
18,2,quick,1,1,27.2
7,4,general,15,1,14.9
6,3,specialist,12,0,46.5
11,1,general,5,1,91.8
9,2,quick,4,6,9.7
2,1,specialist,17,2,35.6
10,1,general,15,3,82.3
3,4,specialist,23,4,8.3
4,3,general,21,4,11.4
22,1,specialist,18,1,428.4
27,1,quick,15,3,79.0
17,1,quick,18,6,64.6
24,4,specialist,18,4,115.5
4,1,specialist,13,2,79.5
0,1,quick,3,3,0.0
15,1,quick,21,1,43.2
9,1,quick,15,1,28.5
16,2,quick,8,5,23.9
6,4,general,8,4,13.5
15,4,specialist,9,4,52.9
6,2,quick,10,5,11.1
2,1,quick,5,0,6.0
10,2,specialist,11,5,101.0
8,4,specialist,21,6,32.9
0,4,general,18,1,0.0
18,2,specialist,2,0,156.7
7,3,specialist,18,2,48.2
24,3,specialist,18,0,177.8
14,3,specialist,10,0,105.5
9,2,specialist,7,3,70.5
9,3,specialist,13,6,54.0
1,4,specialist,12,1,5.1
3,2,general,13,1,17.7
2,4,quick,20,0,4.1
15,1,specialist,14,0,257.7
2,1,quick,18,5,9.7
29,3,general,3,2,78.2
10,2,specialist,5,6,71.4
19,4,specialist,4,4,71.4
29,3,specialist,0,0,166.5
3,2,quick,8,2,3.9
6,2,general,17,1,31.4
6,1,general,14,3,46.8
1,4,quick,16,6,3.2
24,3,quick,19,1,23.2
18,2,quick,1,6,26.0
16,1,general,4,3,129.0
29,3,specialist,10,1,185.2
15,3,quick,11,3,18.9
15,3,general,17,4,52.8
17,3,general,0,5,46.8
1,1,specialist,18,5,19.1
11,1,specialist,21,6,163.1
3,1,general,6,5,21.9
0,4,general,3,1,1.6
16,3,quick,14,6,13.8
26,3,general,22,4,74.0
2,3,general,22,0,4.5
16,1,specialist,10,1,317.0
8,3,general,1,1,24.1
25,3,quick,3,1,24.7
18,2,specialist,18,0,204.2
15,4,specialist,11,5,73.1
13,3,general,9,5,35.6
26,2,specialist,13,3,252.5
7,2,specialist,15,3,54.4
16,4,general,12,4,40.6
16,2,general,19,4,66.5
13,3,general,1,2,33.7
4,3,quick,13,5,3.2
29,2,general,20,1,111.4
3,2,quick,9,1,5.7
28,1,specialist,19,1,418.7
3,4,quick,19,4,0.7
5,3,general,5,3,14.3
23,2,general,3,0,102.6
23,4,general,12,2,59.3
2,2,general,12,0,11.9
3,4,quick,12,2,2.1
8,1,general,20,3,63.8
2,4,specialist,18,3,11.0
5,2,specialist,21,1,34.3
27,2,specialist,5,5,202.0
2,1,quick,0,3,5.6
17,4,specialist,21,1,62.6
11,1,specialist,20,3,168.3
26,2,quick,0,3,36.2
11,1,specialist,15,5,166.1
5,4,quick,9,4,2.8
4,1,specialist,16,5,77.6
28,1,quick,16,4,105.1
5,1,quick,6,5,15.6
14,1,general,13,2,148.2
0,3,specialist,9,6,0.1
3,3,quick,4,6,2.0
14,2,quick,20,6,20.9
29,4,quick,21,1,21.5
13,2,specialist,22,4,96.8
12,2,general,8,0,54.8
21,2,specialist,2,1,155.7
15,3,quick,5,2,14.8
23,4,quick,15,6,19.4
17,3,general,1,3,41.7
3,1,specialist,18,0,70.0
7,3,specialist,4,0,42.0
17,4,quick,19,6,10.6
17,4,specialist,5,0,74.6
24,4,quick,20,4,19.0
27,4,quick,9,1,18.4
8,1,specialist,9,1,119.3
5,2,general,1,2,21.3
17,4,quick,14,2,9.9
26,1,specialist,10,3,511.1
3,2,general,10,4,17.1
13,3,general,11,1,43.6
27,2,specialist,5,4,201.6
23,2,specialist,14,6,168.5
26,1,quick,18,0,117.6
6,4,quick,19,2,3.7
20,1,quick,16,0,90.0
9,4,quick,7,5,4.0
19,2,general,19,4,75.0
24,3,general,20,0,74.9
19,4,general,5,2,37.0
21,1,quick,3,3,61.2
16,3,quick,9,6,17.3
10,3,general,13,2,38.5
1,1,general,13,2,8.5
14,2,general,20,2,54.1
10,4,specialist,8,0,43.0
18,2,specialist,1,0,153.7
12,2,quick,18,4,24.3
3,2,quick,9,0,8.4
10,1,quick,9,2,33.0
25,2,specialist,12,2,244.1
25,2,general,20,0,117.8
14,2,general,8,3,53.1
21,4,specialist,16,0,122.1
21,4,quick,19,1,14.3
7,2,general,20,2,27.1
9,4,specialist,14,0,37.6
18,2,general,8,3,72.2
10,4,general,20,0,25.6
7,3,general,6,1,20.0
25,3,specialist,19,0,140.8
8,1,quick,19,5,25.4
7,4,general,5,2,16.3
20,1,specialist,8,6,297.3
23,1,specialist,16,0,513.8
29,4,specialist,8,3,110.7
4,4,specialist,3,1,15.4
21,2,general,7,5,83.1
12,1,quick,16,2,46.5
4,1,specialist,20,1,59.3
6,2,specialist,16,3,57.7
8,3,quick,8,2,8.4
15,1,quick,19,6,46.1
4,4,specialist,20,2,13.8
24,4,specialist,5,1,89.7
4,4,specialist,1,1,15.5
29,1,quick,10,5,115.0
1,2,general,22,4,2.7
1,2,general,21,0,5.9
14,2,specialist,23,1,106.9
16,4,general,11,4,41.1
18,3,quick,8,1,17.2
6,4,specialist,17,4,31.6
15,2,quick,22,5,19.6
24,1,quick,22,1,73.4
29,4,specialist,18,0,163.0
18,2,specialist,20,4,134.4
3,4,specialist,0,2,11.2
22,1,general,7,1,175.5
8,2,specialist,13,4,80.9
4,4,specialist,0,3,15.5
23,4,specialist,15,4,86.4
23,3,specialist,10,0,170.4
19,1,general,6,1,154.5
1,1,general,9,6,8.2
29,4,quick,16,3,32.5
9,3,specialist,19,1,47.0
16,4,quick,16,5,14.7
1,3,quick,17,5,3.2
20,1,specialist,2,3,299.4
25,1,quick,0,5,74.4
1,1,quick,20,0,3.3
11,1,general,17,1,117.9
11,4,specialist,19,1,46.9
9,1,quick,3,2,28.9
23,2,general,20,3,88.9
25,3,specialist,20,3,128.1
10,4,specialist,19,3,35.8
21,2,quick,18,4,42.8
17,2,quick,12,1,33.1
4,2,quick,12,0,9.7
5,3,general,14,6,13.6
21,2,general,16,3,113.2
10,1,quick,0,2,30.5
4,1,general,11,0,49.6
9,3,general,23,4,25.2
21,4,specialist,21,6,77.3
25,2,quick,19,1,35.4
14,1,general,20,3,112.5
1,1,quick,10,5,4.4
14,1,quick,14,3,39.3
4,4,specialist,2,2,16.7
29,4,quick,7,4,23.5
18,3,general,7,3,47.2
7,3,quick,13,3,9.3
2,3,specialist,18,3,12.7
14,3,general,21,2,33.0
28,4,quick,5,2,22.5
13,2,specialist,15,2,98.1
6,4,quick,22,4,4.5
16,1,specialist,8,6,240.3
6,2,general,7,5,24.8
20,4,specialist,10,5,94.5
0,2,quick,19,2,0.0
21,1,specialist,6,3,319.1
14,2,quick,2,6,19.1
25,1,quick,5,5,72.7
15,4,quick,12,5,12.8
26,4,specialist,13,2,129.1
29,2,specialist,16,2,283.8
14,3,quick,6,1,17.1
28,4,specialist,19,5,104.4
8,2,specialist,22,4,58.0
4,3,quick,9,4,4.1
23,4,quick,18,1,25.1
10,1,specialist,1,2,150.3
13,1,specialist,14,5,195.7
28,2,specialist,2,5,210.4
5,2,specialist,0,5,36.4
6,1,quick,13,4,22.5
21,4,general,13,2,55.6
8,3,specialist,13,3,49.3
20,1,quick,5,6,62.4
2,4,general,8,3,3.0
24,1,quick,12,2,93.1
2,3,quick,5,5,1.7
27,1,specialist,16,6,526.7
24,1,specialist,23,0,411.1
15,4,quick,5,1,10.2
20,1,specialist,10,3,388.0
11,3,general,22,2,31.5
3,2,general,23,0,10.4
16,2,quick,11,0,35.6
0,2,general,19,3,0.0
21,3,general,17,3,73.8
24,2,quick,20,5,38.1
11,4,general,21,3,20.9
14,3,general,22,4,35.9
1,1,general,7,2,5.7
3,1,general,3,2,24.8
17,2,quick,10,2,33.8
1,3,quick,23,1,2.8
21,3,specialist,9,6,107.0
11,3,specialist,13,0,85.3
1,2,quick,15,6,1.2
10,4,specialist,6,0,43.0
28,1,quick,17,3,107.6
16,4,quick,14,5,10.0
27,2,specialist,17,3,264.3
1,4,specialist,21,0,3.1
13,1,quick,21,0,44.6
18,2,quick,4,0,28.2
11,2,general,9,5,44.1
1,4,specialist,14,2,9.1
18,2,specialist,2,0,153.5
3,2,general,15,2,10.5
28,2,specialist,22,6,209.8
27,1,specialist,11,5,529.3
26,1,general,11,4,267.3
14,3,general,12,1,48.1
10,3,specialist,17,1,63.8
14,3,quick,10,1,19.7
15,2,general,22,4,60.9
16,1,quick,5,5,46.6
17,4,specialist,6,0,70.1
1,3,general,20,1,3.0
8,3,quick,3,2,8.8
19,4,quick,18,1,22.0
2,3,specialist,3,0,10.0
13,2,quick,17,3,25.1
16,3,specialist,8,5,80.2
29,2,general,23,1,117.1
6,4,general,6,1,11.6
0,3,specialist,17,0,0.0
27,2,general,3,3,110.5
17,4,general,2,2,34.3
5,2,specialist,19,4,37.7
21,1,general,16,2,221.6
15,2,quick,13,0,30.8
15,1,specialist,1,3,225.3
25,4,specialist,19,6,93.0
3,2,specialist,10,6,29.4
27,3,general,8,2,71.6
11,1,specialist,2,1,165.2
13,3,general,9,3,34.8
29,1,specialist,7,5,434.8
25,1,general,2,0,230.3
18,1,specialist,13,6,351.1
9,3,general,16,2,30.7
16,4,general,1,1,30.3
18,1,quick,22,6,53.7
2,2,quick,14,2,2.5
24,4,quick,19,3,15.1
10,3,quick,11,6,12.3
15,3,general,10,0,60.6
4,2,specialist,6,3,29.9
21,3,quick,11,1,29.7
5,3,quick,1,0,2.7
7,1,general,12,4,69.6
28,1,specialist,16,5,547.3
11,1,quick,20,6,33.0
6,2,specialist,10,5,57.4
2,2,general,15,2,6.1
17,2,quick,1,0,30.3
23,4,quick,2,2,18.3
22,2,general,8,3,90.5
13,1,specialist,23,3,194.5
3,2,specialist,4,6,19.8
9,4,specialist,1,6,33.4
20,1,quick,13,0,89.4
3,3,quick,14,1,3.4
11,2,quick,14,0,19.1
22,2,quick,6,5,33.4
12,3,quick,14,6,13.6
27,4,specialist,22,1,98.1
2,1,quick,18,2,8.2
27,3,specialist,1,4,132.5
13,3,quick,13,2,18.4
1,2,specialist,19,3,6.6
1,1,specialist,5,6,16.6
0,3,quick,16,4,5.1
11,4,general,16,3,25.6
14,2,specialist,22,3,107.9
6,3,specialist,0,5,34.7
8,2,quick,9,4,13.8
6,1,specialist,2,0,102.3
14,2,quick,15,5,19.8
21,2,quick,3,2,30.9
19,4,general,12,1,47.9
4,1,specialist,20,3,59.4
11,3,quick,9,1,12.7
21,2,general,14,0,95.6
28,3,specialist,7,5,140.6
20,3,quick,21,2,25.2
0,1,specialist,3,2,0.0
27,2,specialist,8,5,201.8
28,2,general,19,0,130.3
29,1,quick,23,3,86.9
24,3,general,11,1,86.5
12,4,general,13,5,35.6
29,1,specialist,19,6,436.4
19,3,general,11,4,62.2
9,1,general,0,5,74.9
27,1,general,3,5,216.7
4,3,general,12,0,16.2
22,1,general,17,1,228.9
9,3,specialist,8,4,43.1
27,3,general,23,4,72.7
27,3,quick,15,3,25.9
9,4,specialist,13,1,43.8
10,2,quick,23,2,12.8
7,4,specialist,2,2,29.6
19,1,general,5,3,157.4
19,4,quick,10,2,17.4
23,1,quick,15,6,68.7
21,4,quick,4,0,17.0
20,1,specialist,8,1,301.9
15,2,quick,5,3,24.6
20,1,quick,20,2,58.0
14,4,specialist,18,6,67.5
7,3,quick,1,6,6.4
25,1,quick,13,6,97.1
17,3,general,19,1,45.4
6,3,quick,18,4,7.9
22,3,quick,9,0,22.3
28,3,general,1,2,71.4
5,4,quick,17,0,5.7
27,2,quick,21,6,40.8
17,2,quick,10,0,39.3
25,1,quick,3,6,73.3
25,2,quick,15,5,37.1
11,4,specialist,16,4,54.2
29,1,quick,21,6,88.8
14,2,specialist,0,4,105.6
22,3,general,11,6,74.4
2,2,specialist,3,5,18.0
14,2,quick,11,0,30.8
29,3,general,2,1,78.0
10,1,quick,14,1,33.6
18,1,quick,16,6,72.9
22,2,quick,12,6,43.8
29,1,specialist,16,5,568.9
9,3,general,13,5,29.4
24,3,quick,4,3,25.7
21,2,specialist,22,6,156.9
2,1,specialist,1,2,28.6
10,4,general,7,1,21.6
28,3,specialist,10,1,183.6
16,3,quick,2,6,16.7
6,2,quick,0,1,6.4
14,4,quick,13,2,12.8
19,3,general,11,5,69.0
26,2,specialist,19,5,194.7
9,2,specialist,7,1,61.8
19,4,specialist,17,1,96.7
12,2,quick,9,0,23.0
27,1,general,17,4,281.7
4,2,quick,5,0,5.9
6,4,quick,21,3,7.5
18,3,quick,17,3,19.5
28,2,specialist,2,4,210.0
0,4,quick,5,0,0.0
19,4,quick,17,1,21.1
4,3,quick,5,5,2.2
13,1,general,18,1,137.0
4,4,general,16,1,12.6
8,4,specialist,8,3,29.4
25,4,specialist,13,6,127.5
12,1,general,19,2,93.0
9,2,quick,16,4,16.1
9,1,general,0,5,70.6
13,2,quick,3,6,16.8
21,1,specialist,1,0,363.3
9,1,quick,21,5,27.0
2,1,specialist,6,4,29.1
26,1,general,18,3,275.0
27,4,specialist,1,4,101.2
7,3,general,1,0,19.1
22,2,specialist,11,0,250.4
24,3,quick,23,1,23.0
11,4,general,2,0,22.1
26,3,general,10,1,89.8
18,2,quick,8,3,22.2
17,4,general,13,3,45.6
7,3,specialist,17,3,45.1
11,1,specialist,1,0,189.6
6,3,general,1,2,11.0
23,4,quick,18,0,24.8
23,3,specialist,11,0,174.1
23,1,quick,21,6,67.6
0,4,general,22,4,2.7
20,1,specialist,0,4,299.3
27,2,general,13,5,135.9
7,3,general,19,3,18.7
14,2,quick,10,4,25.9
24,3,specialist,15,4,122.2
1,3,quick,7,3,1.7
0,3,general,21,6,1.4
17,2,quick,19,5,24.7
7,1,specialist,0,0,122.2
7,4,specialist,19,1,26.5
10,3,quick,0,1,6.5
25,2,quick,12,0,59.2
15,4,quick,11,3,16.5
23,4,general,1,5,43.3
4,2,specialist,20,1,31.5
24,1,quick,12,2,99.0
1,4,specialist,17,5,3.0
14,2,quick,14,3,22.0
8,4,general,17,0,24.5
29,1,quick,16,0,129.8
12,3,general,15,5,33.0
28,1,specialist,19,0,481.8
5,3,general,6,1,11.1
19,1,specialist,12,1,370.8
4,2,general,15,0,20.9
19,4,specialist,23,2,74.6
17,1,general,2,6,138.1
0,1,quick,23,3,0.0
9,2,specialist,11,1,88.3
14,2,specialist,17,0,152.3
29,3,general,15,4,77.4
6,4,general,12,5,11.6
8,1,specialist,15,4,121.7
0,3,general,8,4,0.0
25,2,general,21,3,101.2
16,4,quick,2,0,14.6
0,1,general,11,0,0.0
2,1,quick,11,2,7.5
2,1,general,12,1,19.9
26,2,general,21,5,104.2
6,2,specialist,4,4,44.2
11,4,quick,15,0,13.6
5,1,general,15,6,41.7
22,1,general,8,4,175.7
17,2,specialist,9,3,125.4
15,3,quick,5,4,13.4
27,3,specialist,11,0,199.2
26,3,quick,15,5,23.9
25,1,specialist,17,0,559.1
3,2,general,13,5,9.7
24,3,quick,0,1,23.0
10,1,general,19,0,97.5
20,1,general,9,4,161.1
29,1,general,19,3,231.4
10,1,quick,2,1,30.8
14,4,general,4,1,28.8
27,4,quick,16,4,26.5
28,2,general,15,0,129.2
16,3,specialist,6,5,80.5
11,4,general,23,6,19.5
26,3,specialist,6,4,130.1
20,2,quick,7,6,30.9
13,2,general,2,5,50.7
10,3,quick,4,0,10.6
4,3,general,9,1,10.2
5,4,quick,6,4,4.0
14,1,general,11,0,165.1
8,3,general,2,1,19.7
19,4,specialist,23,5,75.1
5,2,specialist,0,3,39.4
6,2,general,4,5,25.9
8,3,quick,20,0,12.0
12,2,quick,15,3,15.1
9,4,general,18,3,26.3
13,3,specialist,3,5,65.7
8,1,quick,12,4,35.3
5,4,general,16,6,10.8
12,1,general,2,1,100.1
20,3,general,2,1,54.1
19,3,specialist,11,6,123.4
3,1,specialist,6,5,41.9
24,3,specialist,7,5,120.6
9,4,quick,1,2,4.4
13,2,quick,9,1,23.8
12,2,specialist,15,5,89.8
11,2,general,9,5,43.9
27,1,quick,12,0,121.8
8,2,specialist,3,0,67.9
0,1,specialist,22,2,1.3
6,1,quick,21,3,20.7
13,2,quick,7,4,17.0
21,1,quick,5,6,61.7
21,2,specialist,17,5,203.5
7,4,specialist,2,4,26.5
15,4,general,23,0,33.4
21,2,general,14,3,84.5
21,2,specialist,13,0,232.3
25,4,specialist,14,6,92.2
28,2,quick,18,3,53.7
4,2,general,20,2,14.1
5,4,specialist,9,5,22.0
28,2,quick,2,5,41.9
21,4,general,7,5,38.6
15,2,quick,16,2,30.5
8,2,quick,9,6,11.5
17,3,quick,23,6,17.9
14,4,specialist,1,1,50.8
27,4,specialist,18,5,132.9
12,3,specialist,1,4,60.7
0,1,specialist,21,1,0.0
22,4,quick,12,4,21.2
7,4,general,5,3,16.3
2,1,quick,23,6,5.0
8,3,general,16,2,26.6
25,1,quick,14,0,87.2
25,1,specialist,7,1,374.0
14,4,quick,0,0,12.1
16,4,specialist,4,2,62.8
6,3,specialist,3,6,27.0
12,1,specialist,16,6,230.8
3,2,general,0,3,11.0
22,1,general,8,0,200.6
21,4,general,16,3,53.2
27,4,quick,8,1,19.1
22,4,quick,2,4,16.9
2,1,quick,15,0,9.6
28,3,specialist,23,2,139.4
5,3,general,19,6,12.1
2,4,quick,14,0,1.2
19,2,quick,10,1,37.8
1,3,general,7,4,3.0
22,4,general,18,0,66.1
13,2,general,21,0,59.7
2,2,specialist,10,5,18.6
6,2,specialist,16,4,58.6
11,3,general,19,5,28.1
4,1,quick,18,1,15.0
6,4,quick,22,2,5.1
27,4,quick,13,3,28.7
27,3,general,1,0,82.8
25,2,quick,3,4,36.4
11,2,general,23,1,44.8
9,1,specialist,22,4,134.7
19,4,specialist,23,6,72.7
9,3,general,7,4,24.6
25,1,general,10,3,263.0
3,3,specialist,20,6,16.0
14,2,general,0,4,59.3
0,4,general,18,1,0.0
12,3,quick,4,1,9.7
19,4,quick,8,5,16.7
19,1,quick,2,2,55.9
15,4,general,15,4,32.7
15,1,general,3,6,118.8
26,1,general,18,0,305.4
14,4,quick,17,6,13.8
16,2,general,18,6,79.1
15,2,general,1,2,59.8
26,2,quick,5,6,40.7
21,4,specialist,8,5,78.6
19,1,general,6,1,152.6
0,4,general,17,1,0.0
17,1,general,20,6,133.0
13,2,specialist,5,2,99.7
28,1,general,12,0,333.0
29,2,general,23,3,118.5
23,2,general,4,6,93.7
16,4,specialist,20,0,70.4
4,3,general,12,5,16.1
6,1,specialist,17,3,117.1
24,4,quick,7,3,18.6
23,2,general,14,3,88.3
6,4,specialist,3,0,29.4
11,2,specialist,5,0,93.5
11,3,general,0,4,27.5
25,4,quick,4,6,17.3
22,1,quick,13,4,84.3
18,2,general,18,3,97.7
8,1,quick,8,2,22.9
16,4,general,11,2,40.2
29,2,specialist,3,1,219.3
24,3,general,18,4,81.3
23,1,quick,11,4,88.9
6,1,quick,12,1,22.6
29,4,general,15,5,56.1
28,3,quick,0,3,26.3
28,3,general,1,3,73.6
1,2,general,6,4,5.9
10,4,quick,7,6,5.0
6,4,quick,8,3,3.6
25,1,quick,17,5,101.5
6,2,general,10,4,31.2
10,1,quick,4,5,30.2
1,4,specialist,14,1,3.2
10,3,general,21,5,24.4
2,1,quick,15,2,5.3
0,4,quick,9,1,0.0
1,3,specialist,20,5,5.3
21,1,general,2,6,170.3
4,1,quick,3,5,7.8
29,4,quick,7,4,20.1
6,4,specialist,6,0,26.8
26,3,specialist,21,3,128.7
24,3,specialist,9,4,122.0
1,3,general,21,3,2.8
20,3,quick,17,0,29.5
20,1,general,19,5,158.1
13,1,quick,5,2,37.6
5,3,general,23,2,14.8
24,1,specialist,3,3,360.0
16,3,general,5,0,52.1
1,3,quick,10,6,3.0
10,1,general,23,6,75.6
13,1,general,23,0,121.5
7,3,specialist,2,0,39.0
12,3,specialist,18,4,81.8
29,1,quick,12,6,112.3
7,1,general,12,0,80.8
4,1,general,12,0,50.5
25,3,specialist,10,0,190.6
2,1,quick,19,3,8.2
25,3,quick,11,1,32.8
5,1,quick,11,3,23.0
20,2,specialist,2,1,148.5
20,1,quick,21,1,61.8
18,2,general,15,3,70.3
5,4,specialist,1,5,16.6
26,4,quick,15,0,24.8
24,4,specialist,3,2,86.9
4,2,general,0,0,19.5
12,2,specialist,16,1,118.7
25,1,quick,18,4,98.0
10,2,general,17,3,51.1
17,1,quick,19,0,58.1
26,2,general,0,3,102.4
29,1,specialist,7,6,436.2
20,3,quick,14,2,20.5
1,1,general,20,3,8.4
5,4,general,22,5,7.6
18,4,general,2,6,35.7
27,4,specialist,19,3,102.0
15,1,general,7,2,120.6
17,1,general,1,0,159.0
15,1,quick,12,5,57.3
26,4,general,5,2,52.9
18,4,specialist,19,0,79.9
4,2,specialist,1,4,31.2
20,4,general,12,5,50.4
7,2,specialist,22,4,51.2
15,4,specialist,1,3,54.2
22,1,general,6,3,179.0
13,4,general,16,6,34.7
29,3,general,20,0,87.1
19,4,specialist,10,3,95.5
8,1,specialist,7,3,118.3
21,3,specialist,0,0,121.9
14,3,general,11,2,48.4
2,4,general,9,0,4.0
2,3,specialist,0,6,10.2
11,2,general,19,6,42.1
11,4,quick,0,1,6.0
20,1,general,1,3,155.2
2,3,general,14,1,2.5
13,2,general,9,2,53.4
24,2,quick,3,5,35.5
15,1,quick,10,3,56.8
26,4,general,19,0,60.4
12,4,quick,12,3,11.9
27,2,general,23,4,112.4
27,2,specialist,12,6,265.4
8,1,general,12,6,85.4
16,2,specialist,4,2,118.6
15,3,quick,11,3,20.7
15,3,general,2,3,40.7
11,1,quick,11,0,52.7
22,1,specialist,2,3,331.1
14,1,specialist,13,3,269.0
6,3,general,23,0,21.3
14,2,quick,18,2,23.8
29,4,general,17,4,75.1
1,2,quick,22,1,6.5
29,4,quick,3,4,17.0
7,4,quick,16,0,2.6
9,3,quick,5,5,8.5
12,3,quick,13,1,16.7
28,2,specialist,2,3,210.7
10,4,specialist,8,5,38.2
11,4,specialist,17,3,53.5
21,1,specialist,6,6,314.4
14,3,general,2,4,41.3
15,3,general,12,6,49.8
19,2,quick,2,5,25.3
17,3,specialist,16,5,112.5
1,1,quick,13,4,6.0
18,2,specialist,16,2,173.0
6,3,general,6,5,14.9
14,3,specialist,18,2,92.0
19,1,specialist,2,2,285.6
12,3,quick,2,3,12.3
12,1,specialist,13,6,235.6
27,2,specialist,13,5,261.6
10,3,general,0,1,28.8
18,1,general,21,2,143.0
23,1,specialist,1,2,344.1
28,3,specialist,9,4,139.3
6,4,quick,7,5,5.5
8,1,specialist,16,5,159.1
29,2,quick,4,0,48.2
26,2,general,3,3,108.2
4,3,specialist,15,5,20.1
19,1,quick,19,3,52.1
29,3,general,18,6,98.4
17,1,general,9,3,135.1
14,4,quick,21,3,10.6
8,3,quick,14,4,10.3
12,4,specialist,23,4,41.3
24,1,general,21,4,190.5
16,3,specialist,20,0,92.6
3,4,specialist,15,4,13.5
26,1,quick,13,4,102.7
6,2,quick,19,6,7.7
10,1,general,18,0,120.6
2,4,quick,7,0,2.4
11,2,specialist,15,3,84.0
17,4,general,9,3,35.7
1,1,general,17,1,8.7
25,2,quick,9,2,35.6
3,2,quick,23,6,5.4
21,3,quick,3,5,21.2
21,2,general,3,2,84.5
19,4,general,7,0,43.4
28,3,quick,3,5,23.6
8,1,general,14,1,62.6
24,1,general,13,2,252.0
6,4,general,12,5,13.2
13,4,specialist,14,2,49.1
18,1,general,16,1,189.2
19,1,general,11,4,193.3
3,3,quick,4,2,1.2
19,1,specialist,6,3,284.8
7,4,specialist,21,0,29.3
7,1,specialist,3,2,104.2
27,2,specialist,14,0,232.8
8,3,quick,3,4,7.0
28,2,quick,22,6,41.5
23,4,specialist,6,1,85.1
9,2,specialist,21,1,66.1
9,1,specialist,14,5,131.3
6,4,quick,1,2,5.3
18,4,specialist,22,5,69.1
2,2,general,0,0,9.2
14,4,general,14,6,24.7
10,2,specialist,21,0,86.4
25,3,specialist,5,4,123.1
18,3,quick,7,5,18.3
8,3,quick,11,6,13.0
8,3,quick,17,6,8.8
12,4,general,4,6,27.7
5,3,quick,16,6,6.5
18,4,specialist,17,2,91.6
27,1,general,3,5,214.9
6,4,specialist,18,0,34.9
7,2,quick,1,1,13.8
27,3,quick,12,4,36.0
9,2,quick,6,1,13.0
10,4,quick,4,2,9.5
4,3,specialist,5,6,21.5
20,4,general,13,2,51.6
21,4,quick,2,0,18.3
17,2,quick,19,5,25.9
27,1,quick,1,2,77.4
1,3,general,12,4,1.7
15,2,quick,14,4,22.4
28,2,general,4,6,113.1
1,2,quick,13,0,4.5
2,3,quick,12,0,0.8
27,1,quick,15,2,78.6
13,3,general,9,3,32.7
11,2,general,3,0,50.2
19,4,specialist,18,4,89.2
26,4,specialist,14,2,97.7
19,3,specialist,7,4,96.1
4,1,general,23,1,35.5
11,4,quick,18,3,8.5
13,1,specialist,11,4,253.5
4,3,general,21,5,10.6
2,1,general,6,4,17.4
11,4,specialist,6,2,41.8
3,4,general,15,5,4.6
27,2,specialist,10,0,300.8
14,4,quick,15,1,10.1
9,3,quick,15,0,11.4
13,3,general,12,3,44.8
17,2,quick,18,1,34.6
3,2,general,5,1,11.6
2,3,quick,0,4,1.8
3,4,general,12,3,8.0
11,4,quick,14,3,4.9
1,2,quick,21,3,3.6
6,4,general,13,5,15.6
1,3,general,10,2,8.2
9,1,general,17,1,94.1
13,4,specialist,3,2,46.2
17,1,specialist,17,4,332.2
10,3,general,3,1,29.0
2,4,specialist,9,2,4.9
18,1,general,19,2,147.0
12,1,quick,4,1,37.9
19,1,specialist,17,6,372.8
3,3,specialist,14,4,15.1
22,1,specialist,14,6,331.6
15,3,quick,17,3,18.4
21,1,general,17,6,218.7
10,2,quick,16,0,23.6
17,1,quick,23,0,59.9
22,2,general,13,3,113.9
3,3,general,15,4,4.9
10,3,general,7,6,27.6
21,4,specialist,19,4,78.2
4,3,quick,1,4,5.2
9,2,general,22,2,34.0
4,2,quick,12,6,8.7
20,3,quick,14,3,16.1
27,3,specialist,14,5,134.9
7,2,quick,18,5,14.2
2,3,general,5,1,7.9
9,1,specialist,12,2,172.6
24,4,general,9,5,46.3
1,4,quick,0,3,0.0
25,1,quick,15,1,74.4
18,4,general,13,2,48.7
6,3,general,23,1,16.3
12,3,general,20,4,36.2
0,2,general,23,6,0.9
12,1,specialist,14,6,178.6
29,3,quick,0,0,34.4
24,4,general,14,6,51.8
18,2,general,21,3,74.4
20,3,quick,21,6,21.4
20,1,specialist,15,5,296.5
6,3,quick,3,5,4.3
24,1,general,7,3,194.6
8,1,quick,21,6,23.3
26,3,specialist,1,6,135.4
29,1,specialist,0,5,434.8
6,3,general,6,1,16.7
10,1,quick,19,1,33.3
20,2,general,13,4,104.8
9,4,general,9,5,20.8
13,2,quick,23,5,18.8
25,1,specialist,6,0,431.1
12,3,general,8,4,31.8
5,3,specialist,6,0,28.3
15,1,general,16,1,158.4
6,3,general,7,5,15.9
27,4,general,14,1,52.1
16,1,general,3,6,126.6
27,2,general,22,0,125.1
22,3,general,22,1,58.2
3,2,quick,20,0,2.9
4,2,general,11,4,17.7
3,3,quick,2,3,0.0
20,1,specialist,17,0,448.0
21,4,general,12,5,56.8
27,1,specialist,8,1,405.3
15,4,specialist,16,2,74.1
11,3,general,11,5,39.1
13,3,quick,1,3,13.0
16,1,general,20,3,131.6
9,3,quick,16,2,10.9
12,2,general,13,2,63.6
10,2,quick,3,1,15.0
20,4,specialist,2,4,76.2
8,3,specialist,15,1,39.0
0,1,specialist,2,0,1.6
27,3,quick,14,6,26.4
28,1,quick,4,1,87.0
7,1,quick,15,3,20.1
19,3,specialist,3,6,93.9
1,3,quick,10,3,4.3
4,2,general,2,5,13.1
8,1,quick,11,6,30.7
3,3,specialist,18,6,18.2
12,1,specialist,0,0,205.2
10,2,general,22,0,43.4
24,1,quick,8,4,73.4
19,2,quick,2,4,27.7
4,4,quick,1,4,3.1
24,2,quick,15,6,33.3
27,4,specialist,15,0,113.5
28,2,specialist,14,5,208.9
10,4,specialist,2,6,41.5
0,4,quick,5,1,0.0
6,4,specialist,13,4,27.8
1,2,specialist,0,3,6.8
20,4,quick,15,5,16.5
11,3,specialist,14,3,55.6
12,1,quick,19,3,36.8
17,2,quick,11,3,32.7
26,2,general,15,2,102.1
10,3,specialist,2,2,49.6
22,3,specialist,12,1,144.9
29,3,specialist,10,1,188.1
7,4,quick,3,4,5.1
3,3,specialist,21,2,13.9
1,1,quick,1,6,0.0
22,3,quick,3,1,21.7
17,1,specialist,21,4,258.0
8,4,specialist,9,1,29.5
5,3,specialist,23,4,25.9
15,4,specialist,10,6,72.5
20,2,specialist,14,6,148.7
8,3,specialist,4,2,40.9
1,1,general,8,5,7.7
23,4,quick,11,4,19.5
28,3,general,0,4,72.2
20,1,quick,23,2,59.8
23,2,specialist,5,6,172.1
27,2,specialist,11,4,259.4
5,4,general,19,0,13.2
4,4,quick,14,2,1.8
27,3,specialist,15,4,133.2
20,4,quick,10,2,19.1
25,3,general,10,4,86.1
4,4,specialist,13,4,17.5
29,3,specialist,22,6,145.6
14,4,general,10,5,38.8
28,3,quick,2,1,31.9
7,1,quick,18,1,28.0
19,1,general,22,1,152.4
29,2,general,11,5,152.7
17,2,specialist,1,2,125.7
21,1,quick,5,0,73.2
19,4,specialist,21,1,72.6
21,2,general,15,5,81.1
26,4,specialist,2,6,97.2
23,1,general,11,2,240.3
13,2,quick,22,5,16.0
17,4,quick,5,4,14.1
19,3,general,13,6,69.1
12,4,quick,11,1,14.7
22,1,general,3,6,180.3
5,4,specialist,17,4,24.4
19,1,quick,21,6,56.6
24,1,quick,10,6,90.4
15,1,general,21,6,126.8
16,3,general,20,0,49.0
27,4,general,12,6,72.2
15,1,specialist,22,1,224.8
3,1,general,18,0,33.1
16,2,specialist,4,0,135.7
20,1,specialist,2,5,299.4
22,2,specialist,22,6,166.2
6,3,specialist,20,1,30.4
9,1,quick,14,2,30.7
29,4,quick,16,0,36.8
26,4,general,15,3,54.9
11,2,quick,11,0,23.2
2,1,quick,22,2,6.0
4,3,general,2,2,11.5
10,1,general,0,5,79.7
1,4,specialist,8,4,3.5
4,3,general,4,3,10.7
4,3,general,17,4,10.0
5,2,quick,21,1,8.4
27,4,general,0,6,54.6
1,3,specialist,19,5,6.4
5,3,general,3,4,14.2
18,2,quick,10,4,36.5
6,3,quick,6,2,8.9
13,2,quick,17,0,29.9
25,2,quick,5,4,34.0
1,1,general,8,2,8.5
9,2,quick,23,3,13.9
28,1,quick,13,4,109.4
4,1,quick,9,1,9.1
16,3,general,15,5,38.3
18,4,quick,15,1,14.8
14,2,general,2,1,56.0
14,3,general,21,1,36.3
2,3,specialist,10,1,14.9
17,4,general,13,2,42.5
2,4,general,20,4,5.8
17,3,specialist,0,2,86.6
28,4,specialist,17,6,137.8
7,3,quick,23,5,7.6
1,1,quick,18,0,3.3
3,4,general,10,1,5.4
18,2,specialist,10,6,172.8
3,4,general,7,6,6.8
16,3,specialist,4,6,79.5
5,2,quick,17,2,11.4
15,2,general,13,5,76.1
2,3,specialist,19,5,9.5
3,4,general,19,4,8.5
15,2,quick,20,3,26.1
26,1,general,4,1,207.0
12,1,general,16,3,124.9
21,3,general,5,1,50.7
18,2,specialist,19,4,131.6
18,2,general,11,3,94.4
14,4,specialist,2,6,51.9
3,4,specialist,12,4,12.2
14,2,general,8,3,53.6
26,4,general,13,3,65.1
23,4,specialist,23,4,89.3
16,1,quick,22,0,56.1
13,3,specialist,2,2,62.5
12,1,specialist,1,3,179.6
22,3,quick,21,0,23.3
13,4,specialist,1,2,50.3
8,4,quick,22,4,5.4
24,3,specialist,1,0,139.1
16,2,general,22,1,64.7
7,1,specialist,21,3,109.0
7,3,specialist,8,2,34.4
8,3,specialist,8,0,46.5
13,2,specialist,18,5,126.5
0,2,specialist,1,5,0.0
7,2,quick,17,0,15.8
11,4,quick,20,6,5.4
28,3,specialist,16,3,183.2
13,2,specialist,14,3,95.7
27,1,general,7,4,212.9
4,4,specialist,21,2,18.6
3,4,quick,22,5,1.4
20,1,specialist,13,0,451.2
14,3,quick,22,5,11.1
22,3,general,22,1,58.9
27,4,specialist,1,3,100.3
18,1,quick,14,1,54.2
17,4,general,0,4,35.2
1,4,specialist,8,5,6.2
17,2,specialist,3,0,147.3
14,4,specialist,19,4,51.3
19,2,quick,6,2,30.2
4,4,specialist,4,6,14.6
22,1,quick,14,2,65.1
24,1,general,9,5,192.9
4,1,general,21,3,30.6
11,2,general,0,5,46.2
17,4,quick,19,5,14.8
18,1,general,15,2,144.0
10,4,specialist,10,4,48.7
15,2,quick,17,5,29.5
12,3,specialist,18,4,75.2
10,1,specialist,12,1,193.4
14,2,general,9,6,56.7
14,3,specialist,17,2,90.9
7,4,quick,1,5,6.5
8,3,general,1,1,21.9
20,1,specialist,23,4,303.2
1,3,specialist,4,6,7.5
0,2,specialist,23,1,4.6
16,1,quick,6,2,52.3
18,4,quick,18,3,16.4
9,3,specialist,6,2,43.7
25,2,quick,17,6,46.9
5,2,general,2,1,20.6
23,4,quick,7,3,17.8
29,2,general,16,6,150.8
23,2,quick,10,3,43.8
21,2,general,23,1,85.7
20,4,quick,23,1,15.3
24,4,quick,5,4,14.8
3,4,general,21,6,6.7
4,4,general,5,2,10.0
8,2,general,17,1,42.0
9,3,specialist,13,0,68.7
23,3,general,22,3,59.9
23,1,general,10,2,241.0
4,1,quick,14,5,14.5
19,2,general,8,4,75.2
22,1,general,19,3,172.7
26,3,quick,4,5,28.6
10,3,quick,11,5,12.0
2,2,general,19,3,9.6
27,2,general,14,6,110.5
22,3,specialist,17,4,143.3
21,4,quick,18,6,21.9
22,2,quick,0,2,35.0
5,2,general,19,5,17.3
13,2,quick,3,0,22.1
26,3,general,4,6,71.8
20,1,general,10,1,209.4
6,4,general,2,2,9.2
22,1,specialist,19,5,330.6
17,3,quick,7,6,15.2
9,2,specialist,18,2,87.2
12,2,general,5,0,57.8
21,4,specialist,5,4,78.4
10,1,quick,4,1,29.8
22,3,specialist,3,5,110.5
25,4,specialist,2,0,103.9
16,2,general,22,3,60.5
11,4,specialist,5,1,39.7
6,2,specialist,9,6,44.5
2,1,quick,16,2,9.1
15,4,specialist,15,6,55.4
4,1,quick,4,3,13.0
29,1,specialist,9,3,434.7
22,3,general,15,1,60.1
23,2,general,3,3,90.2
29,4,quick,10,5,23.5
17,3,specialist,11,5,108.2
7,4,general,11,1,13.9
17,4,general,12,5,46.8
25,1,quick,4,4,72.9
11,4,specialist,19,1,38.1
22,4,general,1,2,42.8
23,4,specialist,10,1,110.5
3,2,general,0,5,13.6
1,3,specialist,3,2,5.0
24,1,quick,8,1,68.1
7,1,specialist,15,5,104.1
20,1,specialist,17,4,390.6
25,4,quick,4,0,23.0
0,4,specialist,4,0,1.2
10,4,general,13,0,29.0
9,3,quick,6,1,11.1
27,2,quick,15,3,39.2
15,1,specialist,11,3,292.8
28,3,quick,8,5,26.6
11,2,general,16,0,66.3
15,1,general,1,2,120.2
12,2,specialist,17,6,115.7
15,1,general,8,5,118.4
24,4,specialist,15,5,91.2
27,3,general,18,2,93.1
6,1,quick,13,6,23.0
17,4,quick,7,5,13.1
29,4,specialist,20,1,107.1
20,4,specialist,4,2,70.5
7,1,quick,21,0,27.0
7,3,quick,18,2,10.0
6,2,specialist,13,0,67.4
26,4,general,20,6,50.8
22,1,general,13,1,231.7
26,1,quick,11,6,101.8
15,1,general,19,3,121.2
21,2,quick,8,3,31.8
23,4,specialist,8,6,85.2
26,2,specialist,8,6,196.2
12,1,quick,9,0,41.5
19,3,quick,6,1,21.3
15,1,specialist,9,0,258.0
3,4,general,14,5,3.6
20,1,specialist,23,0,348.1
5,4,general,18,5,11.3
17,2,specialist,4,4,127.0
25,1,general,12,3,261.1
27,2,specialist,22,6,203.0
7,1,specialist,12,4,138.3
8,4,quick,2,2,4.9
17,3,quick,10,0,26.0
11,4,quick,12,0,13.4
9,4,general,21,0,17.1
6,1,quick,5,6,19.8
2,1,specialist,19,1,33.0
14,1,specialist,4,5,211.7
25,4,quick,8,3,20.4
21,3,specialist,7,0,125.2
0,2,specialist,15,2,0.0
3,4,specialist,10,6,14.4
24,3,quick,9,4,23.6
25,4,specialist,8,3,94.0
21,1,quick,20,3,63.7
7,4,general,17,3,20.0
12,4,quick,8,5,10.8
22,3,specialist,12,0,163.8
13,2,specialist,4,5,99.0
2,3,general,12,6,6.8
4,3,general,12,5,12.9
18,3,specialist,7,5,92.6
18,2,specialist,12,3,174.7
21,3,specialist,6,4,105.7
22,4,specialist,10,1,108.3
3,4,general,6,1,4.5
21,2,general,6,1,86.9
23,1,specialist,4,5,346.7
13,3,specialist,22,0,75.4
16,1,general,22,1,129.8
21,4,general,7,1,42.2
3,4,quick,0,6,0.0
14,4,specialist,19,1,55.0
23,1,quick,1,5,69.3
15,1,specialist,2,6,227.6
25,4,specialist,13,3,120.4
9,4,general,8,3,13.8
13,2,quick,22,5,22.3
2,4,general,18,2,5.6
4,3,specialist,22,5,18.5
5,4,quick,15,0,3.2
23,2,specialist,2,0,199.4
14,3,quick,15,5,17.9
12,4,specialist,5,4,38.0
10,2,specialist,15,0,83.7
29,2,specialist,16,3,279.9
19,2,specialist,4,3,140.7
14,4,general,2,1,27.4
21,4,general,14,1,41.0
8,3,specialist,15,4,40.2
16,3,quick,4,1,15.1
20,2,quick,9,6,30.8
20,3,specialist,17,3,126.0
29,2,general,19,5,114.1
9,1,quick,12,1,38.6
7,1,quick,19,6,21.7
8,4,specialist,23,3,31.4
28,1,specialist,13,3,546.1
22,2,quick,4,3,35.2
26,3,general,23,1,67.8
23,1,quick,12,3,92.4
0,2,specialist,21,6,0.0
0,1,specialist,3,6,1.9
5,4,specialist,14,3,20.1
8,4,general,15,6,16.1
29,2,specialist,13,0,328.3
4,3,quick,13,2,3.0
6,2,quick,12,3,12.2
19,3,general,12,5,69.1
13,4,specialist,4,5,47.2
6,4,quick,19,1,2.3
21,4,general,14,3,43.7
1,3,general,13,1,0.6
10,4,general,21,5,20.3
13,3,specialist,2,5,65.0
23,2,specialist,17,5,222.9
11,4,general,9,0,23.4
17,4,specialist,0,2,63.5
3,4,quick,3,4,3.0
5,1,specialist,14,6,78.0
18,4,specialist,11,6,87.3
9,1,general,2,3,70.3
9,1,specialist,7,2,138.6
8,1,specialist,4,4,119.3
5,2,quick,8,4,8.1
29,4,specialist,21,3,108.6
1,2,specialist,17,0,15.4
9,3,general,15,4,22.9
29,3,general,14,3,79.2
25,4,specialist,22,3,95.9
15,2,quick,17,0,30.4
